event_id,timestamp_open,datetime_open_utc,event_type,entry_price,fwd_ret_15m,fwd_ret_30m,fwd_ret_1h,fwd_ret_2h,fwd_ret_4h,fwd_ret_8h,fwd_ret_12h,fwd_ret_24h
5m_29,1767347100000,2026-01-02 09:45:00+00:00,BREAKOUT_CANDIDATE,89481.37,0.00021,0.00435,0.00294,0.00074,0.00022,0.00869,0.00554,0.00413
5m_31,1767348600000,2026-01-02 10:10:00+00:00,BREAKOUT_CANDIDATE,89836.09,-0.00267,-0.00151,-0.00341,-0.00392,-0.00782,0.00575,0.0032,-0.00119
5m_99,1767484800000,2026-01-04 00:00:00+00:00,BREAKOUT_CANDIDATE,90932.4,0.00289,0.00339,0.00573,0.00269,0.00362,0.00401,0.00439,0.00984
5m_124,1767573600000,2026-01-05 00:40:00+00:00,BREAKOUT_CANDIDATE,92043.61,0.00393,0.0099,0.01256,0.00955,0.00386,0.0048,0.0084,0.01746
5m_125,1767573900000,2026-01-05 00:45:00+00:00,BREAKOUT_CANDIDATE,92288.86,0.00201,0.00604,0.00983,0.00749,0.00169,0.00218,0.00573,0.01494
5m_126,1767575100000,2026-01-05 01:05:00+00:00,BREAKOUT_CANDIDATE,92911.36,-0.00012,0.00246,-0.00057,0.00108,-0.00252,-0.00539,0.00014,0.01027
5m_173,1767733800000,2026-01-06 21:10:00+00:00,BREAKOUT_CANDIDATE,92896.54,0.00672,0.0078,0.00228,0.00628,-0.0011,-0.00159,-0.00656,-0.01851
5m_231,1767972000000,2026-01-09 15:20:00+00:00,BREAKOUT_CANDIDATE,90907.39,0.00784,0.00148,0.0065,0.00393,-0.00578,-0.00207,-0.00303,-0.00351
5m_336,1768173300000,2026-01-11 23:15:00+00:00,BREAKOUT_CANDIDATE,91036.79,-0.00264,-0.00188,0.0017,0.00444,0.01553,0.00794,-0.00521,0.00139
5m_342,1768179300000,2026-01-12 00:55:00+00:00,BREAKOUT_CANDIDATE,91258.65,0.00303,0.00279,0.00169,0.01035,0.01005,-0.00555,-0.00514,0.00246
5m_346,1768183800000,2026-01-12 02:10:00+00:00,BREAKOUT_CANDIDATE,91731.66,0.00056,0.00219,0.00765,0.00402,0.00472,-0.01136,-0.01178,-0.00486
5m_347,1768185900000,2026-01-12 02:45:00+00:00,BREAKOUT_CANDIDATE,92188.87,-0.00025,0.00284,-0.00281,0.00079,-0.00333,-0.01852,-0.01464,-0.01101
5m_355,1768235100000,2026-01-12 16:25:00+00:00,BREAKOUT_CANDIDATE,92217.62,-0.00062,-0.00102,-0.00549,-0.00318,-0.00524,-0.00838,-0.00807,0.01065
5m_372,1768319700000,2026-01-13 15:55:00+00:00,BREAKOUT_CANDIDATE,93449.99,-0.00172,-0.00268,-0.00065,-0.00223,0.00831,0.02102,0.0243,0.03547
5m_375,1768341900000,2026-01-13 22:05:00+00:00,BREAKOUT_CANDIDATE,94700.4,0.00761,0.00768,0.01107,0.00937,0.00639,0.00116,0.00446,0.02836
5m_391,1768401900000,2026-01-14 14:45:00+00:00,BREAKOUT_CANDIDATE,96599.99,-0.00234,0.00309,0.00075,0.00932,0.00077,0.00668,-0.00344,-0.00606
5m_646,1769183100000,2026-01-23 15:45:00+00:00,BREAKOUT_CANDIDATE,89840.21,0.00111,-0.00124,0.00652,0.01198,-0.001,-0.00361,-0.001,-0.00542
5m_649,1769189100000,2026-01-23 17:25:00+00:00,BREAKOUT_CANDIDATE,90981.99,-0.00166,-0.0042,-0.00121,-0.01249,-0.01519,-0.01547,-0.01281,-0.01731
5m_1047,1770339000000,2026-02-06 00:50:00+00:00,BREAKOUT_CANDIDATE,63843.59,0.01023,0.00799,0.02405,0.01626,0.01615,0.01813,0.03946,0.09896
5m_1172,1770647700000,2026-02-09 14:35:00+00:00,BREAKOUT_CANDIDATE,69349.99,0.00011,0.00379,0.00114,0.00146,0.01466,0.01592,0.01073,-0.01109
5m_1208,1770818400000,2026-02-11 14:00:00+00:00,BREAKOUT_CANDIDATE,67879.71,0.00619,-0.00293,-0.02137,-0.01947,-0.02217,-0.00151,-0.00427,0.0019
5m_1264,1770995100000,2026-02-13 15:05:00+00:00,BREAKOUT_CANDIDATE,68258.08,0.00102,0.0103,0.01142,0.00571,0.01233,0.01001,0.00923,0.02229
5m_1265,1770996300000,2026-02-13 15:25:00+00:00,BREAKOUT_CANDIDATE,68895.88,-0.00241,-0.00296,0.00266,0.00116,0.00163,0.00015,0.00061,0.0142
5m_1399,1771428900000,2026-02-18 15:35:00+00:00,BREAKOUT_CANDIDATE,68109.96,-0.00374,-0.01427,-0.01336,-0.01339,-0.0313,-0.02513,-0.0183,-0.02487
5m_1421,1771521000000,2026-02-19 17:10:00+00:00,BREAKOUT_CANDIDATE,66660.76,-0.00059,-0.00076,-0.00033,0.00374,0.00551,0.01013,0.00895,0.00609
5m_1436,1771565400000,2026-02-20 05:30:00+00:00,BREAKOUT_CANDIDATE,67897.97,0.00115,-0.00193,-0.00096,0.00049,0.00362,-0.01498,-0.01279,-0.00033
5m_1716,1772464200000,2026-03-02 15:10:00+00:00,BREAKOUT_CANDIDATE,68425.1,0.00191,0.01595,0.01812,0.01452,0.00468,0.01166,0.00059,-0.0227
5m_1717,1772465700000,2026-03-02 15:35:00+00:00,BREAKOUT_CANDIDATE,69451.48,-0.00707,0.00413,-0.00401,-0.00492,-0.00825,-0.00893,-0.01416,-0.02724
5m_1719,1772467500000,2026-03-02 16:05:00+00:00,BREAKOUT_CANDIDATE,69738.01,-0.00215,-0.00811,-0.00613,-0.01035,-0.01218,-0.0114,-0.02016,-0.01679
5m_1720,1772469600000,2026-03-02 16:40:00+00:00,BREAKOUT_CANDIDATE,69861.03,-0.00619,-0.00633,-0.01455,-0.01053,-0.00904,-0.01078,-0.02385,-0.03056
5m_1738,1772553900000,2026-03-03 16:05:00+00:00,BREAKOUT_CANDIDATE,68567.41,0.00468,-0.01048,-0.00965,-0.00432,-0.0031,-0.00551,-0.01205,0.06327
5m_1739,1772554800000,2026-03-03 16:20:00+00:00,BREAKOUT_CANDIDATE,68888.64,-0.01509,-0.00947,-0.00964,-0.00586,-0.00801,-0.00895,-0.01811,0.05437
5m_1755,1772637900000,2026-03-04 15:25:00+00:00,BREAKOUT_CANDIDATE,72972.15,-0.00365,0.00582,-0.00011,0.00111,0.00803,-0.00595,-0.00603,-0.02321
5m_1872,1773025800000,2026-03-09 03:10:00+00:00,BREAKOUT_CANDIDATE,67452.0,-0.00339,-0.00523,-0.00407,-0.00437,-0.00394,0.00377,0.02541,0.04033
5m_1876,1773062700000,2026-03-09 13:25:00+00:00,BREAKOUT_CANDIDATE,68773.03,0.00677,0.00295,0.00563,0.00444,-0.00217,0.00098,0.00295,0.03056
5m_1877,1773063600000,2026-03-09 13:40:00+00:00,BREAKOUT_CANDIDATE,69238.3,-0.00379,-0.00575,0.00257,-0.00693,-0.01202,-0.00423,-0.00369,0.0098
5m_1892,1773109800000,2026-03-10 02:30:00+00:00,BREAKOUT_CANDIDATE,70001.2,0.00805,0.00073,0.00122,-0.0023,0.00083,0.01229,-0.00051,-0.00302
5m_1907,1773154800000,2026-03-10 15:00:00+00:00,BREAKOUT_CANDIDATE,71776.99,-0.00796,-0.00707,-0.00779,-0.00738,-0.02523,-0.02853,-0.02877,-0.01829
5m_1920,1773235800000,2026-03-11 13:30:00+00:00,BREAKOUT_CANDIDATE,70727.61,-0.00556,-0.00462,-0.00332,-0.00956,0.00347,-0.00139,-0.01313,-0.00553
5m_1948,1773360600000,2026-03-13 00:10:00+00:00,BREAKOUT_CANDIDATE,71118.58,0.00512,0.00553,0.00666,0.00601,0.00355,0.00497,0.0183,-0.00322
5m_1954,1773407700000,2026-03-13 13:15:00+00:00,BREAKOUT_CANDIDATE,73235.37,-0.00233,0.00108,0.0041,-0.00764,-0.01573,-0.0248,-0.03381,-0.03169
5m_2026,1773542700000,2026-03-15 02:45:00+00:00,BREAKOUT_CANDIDATE,71624.08,-0.00251,-0.00342,-0.00409,-0.00115,-0.00271,0.00242,-0.00188,0.01146
5m_2033,1773597000000,2026-03-15 17:50:00+00:00,BREAKOUT_CANDIDATE,71964.84,-0.00273,-0.00344,-0.00785,-0.00626,0.00115,0.01198,0.0291,0.02767
5m_2038,1773614100000,2026-03-15 22:35:00+00:00,BREAKOUT_CANDIDATE,72310.71,0.00527,0.00869,0.00283,0.00313,0.00166,0.0209,0.01274,0.03398
5m_2048,1773667800000,2026-03-16 13:30:00+00:00,BREAKOUT_CANDIDATE,74313.66,-0.00165,-0.00118,-0.01168,-0.00792,-0.00872,0.00206,0.02118,-0.00553
5m_2219,1774263900000,2026-03-23 11:05:00+00:00,BREAKOUT_CANDIDATE,71216.41,-0.00927,-0.00763,-0.01609,-0.00799,0.00321,-0.00307,-0.00861,-0.00052
5m_2274,1774383600000,2026-03-24 20:20:00+00:00,BREAKOUT_CANDIDATE,69963.52,0.00233,0.00149,-0.00088,0.00678,0.00917,0.01292,0.01596,0.01073
5m_2283,1774427400000,2026-03-25 08:30:00+00:00,BREAKOUT_CANDIDATE,71494.94,-0.00229,-0.00335,-0.00328,-0.00186,-0.00171,-0.00101,-0.01056,-0.0227
5m_2383,1774829700000,2026-03-30 00:15:00+00:00,BREAKOUT_CANDIDATE,66908.53,-0.00599,-0.00867,-0.00584,-0.00205,0.00752,0.01482,0.01482,-0.0044
5m_2386,1774838400000,2026-03-30 02:40:00+00:00,BREAKOUT_CANDIDATE,67038.75,0.00123,-0.00039,0.00235,0.00568,0.00487,0.00589,0.00127,0.01418
5m_2396,1774920000000,2026-03-31 01:20:00+00:00,BREAKOUT_CANDIDATE,67805.45,0.00567,0.00225,0.00367,0.00013,-0.00268,-0.01798,-0.01463,0.00369
5m_2400,1774966500000,2026-03-31 14:15:00+00:00,BREAKOUT_CANDIDATE,67736.96,-0.0035,-0.01223,-0.00848,-0.01074,0.0002,0.00722,0.00232,0.00839
5m_2528,1775402700000,2026-04-05 15:25:00+00:00,BREAKOUT_CANDIDATE,67499.99,-0.00093,-0.00286,-0.00258,-0.00238,-0.00052,0.01932,0.02492,0.03323
5m_2534,1775428800000,2026-04-05 22:40:00+00:00,BREAKOUT_CANDIDATE,67964.31,0.0055,0.00935,0.0145,0.01984,0.01849,0.01416,0.0284,0.01872
5m_2566,1775589300000,2026-04-07 19:15:00+00:00,BREAKOUT_CANDIDATE,68739.44,-0.00355,0.00121,0.00935,0.01598,0.04238,0.03708,0.04434,0.0362
5m_2573,1775602500000,2026-04-07 22:55:00+00:00,BREAKOUT_CANDIDATE,71514.09,-0.00037,0.01733,0.00573,0.00274,-0.00209,0.00306,-0.00052,-0.00628
5m_2576,1775604300000,2026-04-07 23:25:00+00:00,BREAKOUT_CANDIDATE,72753.27,-0.01019,-0.0114,-0.01139,-0.01748,-0.0175,-0.01294,-0.01503,-0.02366
5m_2626,1775754000000,2026-04-09 17:00:00+00:00,BREAKOUT_CANDIDATE,72470.57,-0.00063,-0.00396,-0.00758,-0.00753,-0.00018,-0.00826,-0.0047,0.00573
5m_2644,1775830800000,2026-04-10 14:20:00+00:00,BREAKOUT_CANDIDATE,73057.44,0.00012,-0.00302,0.00281,-0.00417,-0.00146,-0.00048,-0.00106,-0.00434
5m_2724,1776084600000,2026-04-13 12:50:00+00:00,BREAKOUT_CANDIDATE,71208.05,-0.00164,0.00019,0.00382,0.01178,0.01228,0.02648,0.04132,0.04482
5m_2727,1776087900000,2026-04-13 13:45:00+00:00,BREAKOUT_CANDIDATE,71616.45,-0.00125,-0.00154,0.00479,0.00298,0.01116,0.02301,0.03817,0.04905
5m_2733,1776090600000,2026-04-13 14:30:00+00:00,BREAKOUT_CANDIDATE,71779.13,0.00251,0.004,-0.00055,0.00628,0.00776,0.03498,0.03541,0.05379
5m_2734,1776091200000,2026-04-13 14:40:00+00:00,BREAKOUT_CANDIDATE,71989.14,0.00571,-0.00052,-0.00211,0.00434,0.00479,0.03154,0.03391,0.04705
5m_2735,1776092100000,2026-04-13 14:55:00+00:00,BREAKOUT_CANDIDATE,72400.15,-0.0062,-0.00614,-0.00737,-0.00273,0.00034,0.03076,0.02667,0.0361
5m_2810,1776431400000,2026-04-17 13:10:00+00:00,BREAKOUT_CANDIDATE,76909.99,-0.00421,-0.00023,0.00234,0.01199,0.00767,0.00612,0.00532,-0.00981
5m_2864,1776648600000,2026-04-20 01:30:00+00:00,BREAKOUT_CANDIDATE,74604.0,0.00167,-0.00141,-0.00158,-0.00109,-0.00589,0.00514,0.009,0.0203
5m_3042,1777180200000,2026-04-26 05:10:00+00:00,BREAKOUT_CANDIDATE,78138.86,-0.00049,-0.00121,-0.00158,-0.00165,-0.00165,-0.00299,-0.00162,0.00342
5m_3148,1777605300000,2026-05-01 03:15:00+00:00,BREAKOUT_CANDIDATE,77244.12,-0.00018,-0.00111,-0.00063,-0.00235,-0.00267,0.00246,0.01594,0.01366
5m_3160,1777640400000,2026-05-01 13:00:00+00:00,BREAKOUT_CANDIDATE,78194.86,0.00146,0.00307,0.00618,0.00095,-0.00051,-0.0037,0.0014,0.00144
5m_3225,1777810200000,2026-05-03 12:10:00+00:00,BREAKOUT_CANDIDATE,78856.8,-0.00106,-0.00082,-0.00135,-0.00161,-0.00295,-0.00158,-0.00438,-0.00065
5m_3252,1777906200000,2026-05-04 14:50:00+00:00,BREAKOUT_CANDIDATE,80457.69,-0.00467,-0.01142,-0.00673,-0.00438,-0.00512,-0.0047,0.00105,0.01121
5m_3284,1778057400000,2026-05-06 08:50:00+00:00,BREAKOUT_CANDIDATE,81920.76,-0.00081,-0.00246,0.00042,0.0052,0.00469,-0.003,-0.00662,-0.00782
5m_3381,1778351100000,2026-05-09 18:25:00+00:00,BREAKOUT_CANDIDATE,81040.54,-0.00171,-0.00164,-0.00265,-0.003,-0.00348,-0.0037,-0.00471,0.00388
5m_3396,1778427900000,2026-05-10 15:45:00+00:00,BREAKOUT_CANDIDATE,81341.91,0.001,0.0002,-0.00027,0.00036,0.00057,0.01202,-0.00789,-0.00134
5m_3477,1778768100000,2026-05-14 14:15:00+00:00,BREAKOUT_CANDIDATE,80228.01,-0.00116,0.00575,0.00982,0.01534,0.02061,0.01475,0.00912,-0.01249
5m_3478,1778769900000,2026-05-14 14:45:00+00:00,BREAKOUT_CANDIDATE,80689.36,0.00419,0.00405,0.00489,0.00869,0.01092,0.01024,0.00524,-0.02063
5m_3479,1778770200000,2026-05-14 14:50:00+00:00,BREAKOUT_CANDIDATE,80850.27,0.00049,0.00243,0.00557,0.00406,0.00759,0.00757,0.00558,-0.02059
5m_3482,1778777700000,2026-05-14 16:55:00+00:00,BREAKOUT_CANDIDATE,81888.4,-0.00198,-0.00502,-0.00269,-0.00374,-0.00582,-0.00452,-0.01421,-0.03168
5m_3483,1778778000000,2026-05-14 17:00:00+00:00,BREAKOUT_CANDIDATE,82012.08,-0.00703,-0.00529,-0.00627,-0.00437,-0.00776,-0.00506,-0.01417,-0.03361
5m_3696,1779569700000,2026-05-23 20:55:00+00:00,BREAKOUT_CANDIDATE,77287.58,-0.00399,-0.00693,-0.00624,-0.0091,-0.00585,-0.00648,-0.00591,-0.00801
5m_3806,1780074300000,2026-05-29 17:05:00+00:00,BREAKOUT_CANDIDATE,74130.0,0.00216,0.00234,-0.00117,-0.0089,-0.00553,-0.00742,-0.00827,-0.00328
5m_4063,1780878900000,2026-06-08 00:35:00+00:00,BREAKOUT_CANDIDATE,63817.99,-0.0018,-0.00838,-0.01222,-0.01166,-0.01605,-0.0105,-0.00624,-0.01896
5m_4081,1780979400000,2026-06-09 04:30:00+00:00,BREAKOUT_CANDIDATE,63189.99,0.00364,0.00146,0.00513,0.00281,-0.00428,-0.00961,-0.0325,-0.02929
5m_4100,1781098500000,2026-06-10 13:35:00+00:00,BREAKOUT_CANDIDATE,62170.88,0.00069,0.00076,-0.0041,0.00162,-0.00653,-0.00902,0.0015,0.01083
5m_4131,1781199900000,2026-06-11 17:45:00+00:00,BREAKOUT_CANDIDATE,63595.28,-0.00117,-0.00032,-0.0012,0.0013,-0.00065,-0.00225,-0.00291,0.00397
5m_4132,1781200500000,2026-06-11 17:55:00+00:00,BREAKOUT_CANDIDATE,63644.19,-0.00265,-0.00402,-0.00288,-0.00061,-0.00195,-0.00343,-0.00449,0.00348
5m_4147,1781277000000,2026-06-12 15:10:00+00:00,BREAKOUT_CANDIDATE,64372.0,-0.00373,-0.00733,-0.00793,-0.00718,-0.01025,-0.01411,-0.01102,-0.00132
5m_4217,1781472600000,2026-06-14 21:30:00+00:00,BREAKOUT_CANDIDATE,64946.67,0.00716,0.00525,0.00503,0.01112,0.00806,0.01298,0.00948,0.02312
5m_4237,1781599800000,2026-06-16 08:50:00+00:00,BREAKOUT_CANDIDATE,66982.08,-0.00302,-0.0049,-0.00624,-0.00618,-0.0083,-0.01872,-0.01681,-0.03076
5m_4266,1781711100000,2026-06-17 15:45:00+00:00,BREAKOUT_CANDIDATE,65700.0,0.00217,0.00359,0.00371,0.00237,-0.02334,-0.01863,-0.02075,-0.04454
5m_4402,1782230700000,2026-06-23 16:05:00+00:00,BREAKOUT_CANDIDATE,62722.01,-0.00188,-0.00188,-0.00426,-0.0065,-0.00354,0.00226,-0.00132,-0.03699
5m_4623,1782915000000,2026-07-01 14:10:00+00:00,BREAKOUT_CANDIDATE,59978.01,-0.00333,-0.00624,-0.00103,0.00257,0.00167,0.01391,0.00277,0.03507
5m_4706,1783290300000,2026-07-05 22:25:00+00:00,BREAKOUT_CANDIDATE,63717.99,-0.00249,0.00028,-0.0006,-0.00471,-0.00308,-0.01073,-0.01312,0.00788
5m_4708,1783293000000,2026-07-05 23:10:00+00:00,BREAKOUT_CANDIDATE,63978.0,-0.00466,-0.00429,-0.006,-0.00269,-0.00881,-0.01591,-0.01829,0.00456
5m_4761,1783559100000,2026-07-09 01:05:00+00:00,BREAKOUT_CANDIDATE,62630.32,-0.00297,-0.00591,-0.00957,-0.01307,-0.00259,0.00357,0.00336,0.00617
5m_4894,1784033700000,2026-07-14 12:55:00+00:00,BREAKOUT_CANDIDATE,63960.0,-0.00261,-2e-05,-0.00188,0.00539,0.01204,0.00957,0.01352,0.01882
5m_4940,1784210700000,2026-07-16 14:05:00+00:00,BREAKOUT_CANDIDATE,64607.99,0.00019,0.00131,-0.00268,-0.00022,-0.00665,-0.00642,-0.01789,-0.01929
5m_4958,1784307900000,2026-07-17 17:05:00+00:00,BREAKOUT_CANDIDATE,63983.54,0.00033,0.0009,0.00088,0.00176,0.00287,-0.00096,-0.00059,0.0047
5m_5091,1784547000000,2026-07-20 11:30:00+00:00,BREAKOUT_CANDIDATE,64809.74,0.00225,-9e-05,-0.00157,-0.00197,0.0007,0.00414,0.00664,0.02228
5m_5122,1784641500000,2026-07-21 13:45:00+00:00,BREAKOUT_CANDIDATE,66653.99,0.00308,0.00315,0.00282,0.00028,-0.00539,-0.00443,-0.00262,-0.01134
5m_5262,1785105000000,2026-07-26 22:30:00+00:00,BREAKOUT_CANDIDATE,65389.94,0.00133,0.00046,-0.00023,-0.00297,-0.00382,0.00239,-0.00069,-0.01309
5m_5349,1785459900000,2026-07-31 01:05:00+00:00,BREAKOUT_CANDIDATE,65339.38,-0.00353,-0.00638,-0.01128,-0.01673,-0.01459,-0.02374,-0.02442,-0.03634
5m_5459,1785636900000,2026-08-02 02:15:00+00:00,BREAKOUT_CANDIDATE,63534.88,-0.00168,-0.00143,-0.00146,-0.00016,-0.00145,-0.00417,-0.00633,-0.00483
5m_5474,1785767100000,2026-08-03 14:25:00+00:00,BREAKOUT_CANDIDATE,63766.01,0.00027,0.00315,-0.0008,0.00216,0.00131,-0.00361,-0.00114,0.00191
5m_5475,1785768600000,2026-08-03 14:50:00+00:00,BREAKOUT_CANDIDATE,63879.99,-0.00059,-0.00158,-0.00209,-0.00185,0.0005,-0.00383,-0.00114,0.00335
5m_5522,1786028700000,2026-08-06 15:05:00+00:00,BREAKOUT_CANDIDATE,64919.99,-0.00176,-0.00208,-0.00337,-0.00274,-0.00728,-0.00863,-0.00841,0.00165
5m_5720,1786631400000,2026-08-13 14:30:00+00:00,BREAKOUT_CANDIDATE,63937.18,-0.00022,-0.00036,-0.00426,-0.00828,-0.01244,-0.00562,-0.00617,-0.01877
5m_5909,1787062800000,2026-08-18 14:20:00+00:00,BREAKOUT_CANDIDATE,64727.15,0.00082,0.00032,0.0006,-2e-05,0.00089,-0.00223,-0.00517,0.0108
5m_5931,1787143200000,2026-08-19 12:40:00+00:00,BREAKOUT_CANDIDATE,64943.45,-0.00094,-0.00035,0.00155,0.00791,0.05614,0.0574,0.07127,0.10382
5m_5936,1787148300000,2026-08-19 14:05:00+00:00,BREAKOUT_CANDIDATE,65382.34,0.00067,0.00165,0.01726,0.0516,0.04123,0.0617,0.06542,0.09907
5m_5937,1787150100000,2026-08-19 14:35:00+00:00,BREAKOUT_CANDIDATE,65490.0,0.00421,0.01558,0.04834,0.0488,0.04271,0.0595,0.05948,0.09256
5m_5938,1787151000000,2026-08-19 14:50:00+00:00,BREAKOUT_CANDIDATE,65766.0,0.01132,0.0219,0.03759,0.04272,0.04023,0.05149,0.05407,0.09098
5m_5940,1787151600000,2026-08-19 15:00:00+00:00,BREAKOUT_CANDIDATE,66074.62,0.00908,0.03659,0.03991,0.03518,0.03471,0.04963,0.04659,0.09468
5m_5941,1787151900000,2026-08-19 15:05:00+00:00,BREAKOUT_CANDIDATE,66510.57,0.01046,0.03225,0.03376,0.02707,0.02806,0.04257,0.03804,0.08515
5m_5972,1787302200000,2026-08-21 08:50:00+00:00,BREAKOUT_CANDIDATE,78657.92,-0.01048,-0.01282,-0.00739,-0.0106,-0.01887,-0.0151,-0.0148,-0.01869
5m_6068,1787484000000,2026-08-23 11:20:00+00:00,BREAKOUT_CANDIDATE,77286.42,0.00137,0.00095,-0.00228,0.00458,-0.00086,0.0011,0.00263,0.00676
5m_6079,1787571600000,2026-08-24 11:40:00+00:00,BREAKOUT_CANDIDATE,78568.7,-0.00159,-0.00528,0.00204,-0.00357,0.00929,0.00404,0.00493,0.00754
5m_6146,1787817900000,2026-08-27 08:05:00+00:00,BREAKOUT_CANDIDATE,79753.44,-0.00212,0.00041,0.00052,0.00502,-0.00388,0.0058,0.00339,0.00077
5m_6147,1787822700000,2026-08-27 09:25:00+00:00,BREAKOUT_CANDIDATE,80493.86,-0.00299,-0.00631,-0.0103,-0.01205,-0.01418,0.00273,-0.00571,-0.01387
5m_6237,1788091500000,2026-08-30 12:05:00+00:00,BREAKOUT_CANDIDATE,78608.85,-0.00099,0.00022,0.00093,0.0036,0.00266,0.00351,-0.0149,-0.00217
5m_6241,1788097500000,2026-08-30 13:45:00+00:00,BREAKOUT_CANDIDATE,78949.99,-0.00075,-0.0019,-0.00225,-0.00165,0.00088,-0.00491,-0.01492,-0.0132
5m_6304,1788356400000,2026-09-02 13:40:00+00:00,BREAKOUT_CANDIDATE,77381.65,-0.00305,-0.00045,-0.00073,-0.00015,-0.00094,0.00058,-0.0004,0.01957
5m_6315,1788402600000,2026-09-03 02:30:00+00:00,BREAKOUT_CANDIDATE,77883.76,-0.00066,-0.00218,-0.0023,-0.00362,-0.00108,-0.00484,0.02409,0.03703
5m_6323,1788445200000,2026-09-03 14:20:00+00:00,BREAKOUT_CANDIDATE,79376.0,0.00364,0.01108,0.01728,0.0172,0.02152,0.02406,0.01655,-0.00068
5m_6324,1788445500000,2026-09-03 14:25:00+00:00,BREAKOUT_CANDIDATE,79664.01,0.00126,0.01112,0.01355,0.01383,0.01612,0.01843,0.01321,-0.00358
5m_6326,1788447300000,2026-09-03 14:55:00+00:00,BREAKOUT_CANDIDATE,80549.97,0.0001,0.00241,0.00991,0.00521,0.00874,0.00733,0.0035,-0.02029
5m_6329,1788450600000,2026-09-03 15:50:00+00:00,BREAKOUT_CANDIDATE,81270.64,-0.00355,-0.00651,-0.00369,-0.00311,0.00518,0.00031,-0.00416,-0.02264
5m_6425,1788627000000,2026-09-05 16:50:00+00:00,BREAKOUT_CANDIDATE,80098.85,0.00021,-0.00047,-0.00046,-0.00173,-0.00436,-0.00268,-0.00232,-0.00512
5m_6440,1788737700000,2026-09-06 23:35:00+00:00,BREAKOUT_CANDIDATE,80441.99,-0.00036,-0.00072,-0.00345,-0.00674,-0.00954,-0.01526,-0.01278,-0.0174
5m_6661,1789351500000,2026-09-14 02:05:00+00:00,BREAKOUT_CANDIDATE,77236.02,0.00255,0.00289,0.00758,0.00476,0.00684,0.01081,0.01388,0.00952
5m_6662,1789351800000,2026-09-14 02:10:00+00:00,BREAKOUT_CANDIDATE,77381.48,0.00197,0.00149,0.00529,0.00267,0.00513,0.00851,0.01461,0.00782
5m_6664,1789355100000,2026-09-14 03:05:00+00:00,BREAKOUT_CANDIDATE,77821.43,-0.0005,-0.00288,-0.0028,-0.00297,-0.00233,-0.00048,0.00869,-0.00054
5m_6669,1789393500000,2026-09-14 13:45:00+00:00,BREAKOUT_CANDIDATE,78437.11,-0.00023,0.0027,0.00206,0.00152,0.00672,0.00475,-0.00482,-0.02679
5m_6672,1789395000000,2026-09-14 14:10:00+00:00,BREAKOUT_CANDIDATE,78512.0,-0.00145,-0.00112,-0.00013,-0.001,0.00428,0.00402,-0.0067,-0.02682
5m_6700,1789493400000,2026-09-15 17:30:00+00:00,BREAKOUT_CANDIDATE,76926.0,0.00094,-0.00057,-0.00178,-0.01295,-0.01645,-0.0161,-0.0137,-0.01682
5m_6749,1789654200000,2026-09-17 14:10:00+00:00,BREAKOUT_CANDIDATE,76965.72,-0.00029,-0.00448,-0.008,-0.00304,-0.00319,-0.00778,-0.00254,0.04336
5m_6760,1789701000000,2026-09-18 03:10:00+00:00,BREAKOUT_CANDIDATE,77322.99,0.00134,0.00026,-0.00041,0.00265,0.00394,0.01028,0.04456,0.05128
5m_6761,1789721700000,2026-09-18 08:55:00+00:00,BREAKOUT_CANDIDATE,78272.15,0.00134,-0.0014,-0.00077,0.00017,-0.00293,0.03289,0.03626,0.03884
5m_6764,1789738500000,2026-09-18 13:35:00+00:00,BREAKOUT_CANDIDATE,78958.4,0.01376,0.01598,0.0213,0.02293,0.02182,0.02907,0.02771,0.0292
5m_6765,1789738800000,2026-09-18 13:40:00+00:00,BREAKOUT_CANDIDATE,79297.04,0.00979,0.01269,0.01876,0.017,0.01863,0.02426,0.02364,0.02479
5m_6766,1789739100000,2026-09-18 13:45:00+00:00,BREAKOUT_CANDIDATE,79994.99,0.00458,0.00811,0.01088,0.00852,0.01069,0.01539,0.01658,0.0159
5m_6769,1789740900000,2026-09-18 14:15:00+00:00,BREAKOUT_CANDIDATE,80643.93,0.00013,0.00275,0.0032,0.00402,0.00327,0.00848,0.00882,0.01029
5m_6770,1789741200000,2026-09-18 14:20:00+00:00,BREAKOUT_CANDIDATE,80952.63,-0.00386,-0.00046,0.00189,0.00063,-0.00142,0.00382,0.006,0.00649
5m_6823,1789832400000,2026-09-19 15:40:00+00:00,BREAKOUT_CANDIDATE,81919.05,-0.00346,-0.00194,-0.00071,-0.00514,-0.00722,-0.00781,-0.01869,-0.01318
5m_6855,1790003100000,2026-09-21 15:05:00+00:00,BREAKOUT_CANDIDATE,86305.78,-0.00499,-0.00382,-0.00658,-0.00301,-0.00341,0.00288,-0.0082,-0.00065
