group,timestamp_open,fwd_ret_4h,fwd_abs_ret_4h,fwd_vol_mean_4h,fwd_realized_vol_4h
CONTROL_NON_EVENT,1768793400000,0.0005656565743880133,0.0005656565743880133,32.51978102040817,0.0005248187460393087
CONTROL_NON_EVENT,1774786800000,-0.002694038287327123,0.002694038287327123,30.62796265306122,0.001011386831477488
CONTROL_NON_EVENT,1788864300000,-0.0013517272310300755,0.0013517272310300755,95.4666848979592,0.0010851386661789254
CONTROL_NON_EVENT,1780202400000,-0.004149981562825458,0.004149981562825458,20.600676734693877,0.0003956716477126931
CONTROL_NON_EVENT,1786789800000,9.424251232137281e-05,9.424251232137281e-05,12.915265918367346,0.0003026631690430862
CONTROL_NON_EVENT,1778240400000,-0.002182900455047553,0.002182900455047553,74.28332469387755,0.0013904814268804067
CONTROL_NON_EVENT,1769682900000,-0.0015268876744382312,0.0015268876744382312,42.75347448979591,0.0008165883812467673
CONTROL_NON_EVENT,1778908200000,-0.00971502516917698,0.00971502516917698,51.77040040816327,0.000765270050904848
CONTROL_NON_EVENT,1789843200000,-0.0029939873596746113,0.0029939873596746113,31.49793081632653,0.0005884081554561347
CONTROL_NON_EVENT,1776505200000,-0.008799439341617922,0.008799439341617922,48.66234408163265,0.0011297876232723007
CONTROL_NON_EVENT,1789191600000,0.001294536509580596,0.001294536509580596,27.70013448979592,0.00024183299933695004
CONTROL_NON_EVENT,1779706500000,0.0021709792876841686,0.0021709792876841686,26.180774897959186,0.000534832700218532
CONTROL_NON_EVENT,1772517900000,-0.02124793218844025,0.02124793218844025,117.87633938775511,0.0015380102709414945
CONTROL_NON_EVENT,1772917500000,-0.0024115971356185586,0.0024115971356185586,46.898077142857154,0.0006929249138518861
CONTROL_NON_EVENT,1780169400000,-0.0023679478173009782,0.0023679478173009782,20.310894285714287,0.00048388819266696043
CONTROL_NON_EVENT,1781088600000,0.010016149554663829,0.010016149554663829,84.98697591836735,0.0022842060821330265
CONTROL_NON_EVENT,1786602300000,-0.0031079625697085647,0.0031079625697085647,33.910138979591835,0.0005927837470740833
CONTROL_NON_EVENT,1785986400000,0.006780716630837094,0.006780716630837094,29.574875102040814,0.000678787516456457
CONTROL_NON_EVENT,1784758200000,-0.004090536604166803,0.004090536604166803,51.2156675510204,0.0008216482774405423
CONTROL_NON_EVENT,1775077800000,-0.002219955732676786,0.002219955732676786,42.26513408163265,0.001423281612646088
CONTROL_NON_EVENT,1774863600000,0.0023300341415650573,0.0023300341415650573,58.19963244897959,0.0008128080647990798
CONTROL_NON_EVENT,1779447600000,-0.006434821041682353,0.006434821041682353,46.9226112244898,0.0007072114076003998
CONTROL_NON_EVENT,1771638300000,-0.0025179985198797296,0.0025179985198797296,24.26454346938776,0.0007371388992604993
CONTROL_NON_EVENT,1770842400000,0.004036409393231208,0.004036409393231208,74.13525285714286,0.0017806754908234138
CONTROL_NON_EVENT,1782818400000,-0.014179131300821343,0.014179131300821343,155.48890081632655,0.0020778840043340404
CONTROL_NON_EVENT,1779621300000,-0.010199184546574088,0.010199184546574088,38.44329428571429,0.0010010521474947054
CONTROL_NON_EVENT,1768350300000,-6.347781099594561e-05,6.347781099594561e-05,48.440088367346945,0.0009107117964546069
CONTROL_NON_EVENT,1778611500000,8.679962468708416e-07,8.679962468708416e-07,21.475127346938777,0.0006341263646572459
CONTROL_NON_EVENT,1770612300000,-0.01636209005040341,0.01636209005040341,78.45413265306124,0.0017713830511381812
CONTROL_NON_EVENT,1781669700000,-0.007583901930919043,0.007583901930919043,45.12831551020408,0.0011129124946668318
CONTROL_NON_EVENT,1768988100000,-0.0071046124471754795,0.0071046124471754795,58.151634693877554,0.001075508189637825
CONTROL_NON_EVENT,1780842300000,0.002348990423792822,0.002348990423792822,46.18210571428572,0.0012817816759370295
CONTROL_NON_EVENT,1788120600000,-0.014066112032598872,0.014066112032598872,65.8757212244898,0.0016971293143367297
CONTROL_NON_EVENT,1776899400000,-0.01066016416466981,0.01066016416466981,73.8272969387755,0.0015736514119915072
CONTROL_NON_EVENT,1782990000000,0.005648589525924025,0.005648589525924025,140.16549265306122,0.0016510440479285278
CONTROL_NON_EVENT,1788148200000,0.005344515768076272,0.005344515768076272,55.96768142857144,0.0010078703319549504
CONTROL_NON_EVENT,1784716800000,-0.00475586883488931,0.00475586883488931,68.47891632653061,0.0009833677816036385
CONTROL_NON_EVENT,1780693500000,-0.008192684725172192,0.008192684725172192,104.41902020408162,0.002444376303810416
CONTROL_NON_EVENT,1773350700000,0.017614108359033168,0.017614108359033168,99.33891122448979,0.0018810913791634787
CONTROL_NON_EVENT,1769744700000,0.002130010900943527,0.002130010900943527,95.40126653061223,0.001377867161760284
CONTROL_NON_EVENT,1784320200000,-0.0011555568884499168,0.0011555568884499168,26.657197959183673,0.0005888374882456899
CONTROL_NON_EVENT,1788043800000,-0.0008673714400566432,0.0008673714400566432,18.246001632653062,0.0004590196382153931
CONTROL_NON_EVENT,1773162600000,-0.0162858678522161,0.0162858678522161,99.05273224489794,0.0017590113027751704
CONTROL_NON_EVENT,1781345100000,0.006506687463638887,0.006506687463638887,42.08625755102041,0.0005382118999351936
CONTROL_NON_EVENT,1784939400000,-0.0011010869512702625,0.0011010869512702625,34.58845489795918,0.00037935539543266367
CONTROL_NON_EVENT,1781268000000,0.006529793097359564,0.006529793097359564,90.79695571428572,0.002047951534399274
CONTROL_NON_EVENT,1768974600000,-0.009147666666666596,0.009147666666666596,46.58764836734695,0.0009949092135141256
CONTROL_NON_EVENT,1781301300000,0.005764589110158801,0.005764589110158801,47.235789387755105,0.0005421128916493445
CONTROL_NON_EVENT,1780604100000,0.004979751660982378,0.004979751660982378,65.10271285714286,0.001628050006623521
CONTROL_NON_EVENT,1769865600000,-0.04608059543792485,0.04608059543792485,331.16876224489795,0.0032724884143236215
CONTROL_NON_EVENT,1779134100000,0.0009602485440931175,0.0009602485440931175,33.193452040816325,0.0006463852309683003
CONTROL_NON_EVENT,1775188500000,0.006940676002106949,0.006940676002106949,60.00292428571428,0.0008396782870477516
CONTROL_NON_EVENT,1780200600000,-0.002858549879921144,0.002858549879921144,18.598687346938775,0.00039266961839038323
CONTROL_NON_EVENT,1785093000000,0.011389485360959566,0.011389485360959566,49.93342571428571,0.0009321441046789202
CONTROL_NON_EVENT,1785495300000,-0.019346616567585035,0.019346616567585035,121.59828163265307,0.0013358142641944945
CONTROL_NON_EVENT,1768003200000,-0.0005772241024871349,0.0005772241024871349,10.980557959183676,0.0004060210995110519
CONTROL_NON_EVENT,1785393600000,0.009414534973372591,0.009414534973372591,104.87145897959185,0.000743876557595333
CONTROL_NON_EVENT,1784735700000,-0.0018804679488469884,0.0018804679488469884,31.629004897959184,0.0010153734793547588
CONTROL_NON_EVENT,1773784200000,-0.008913305791132043,0.008913305791132043,45.25259,0.00123363726276006
CONTROL_NON_EVENT,1784329500000,0.0011150054764512915,0.0011150054764512915,26.544736530612244,0.0004370165473190422
CONTROL_NON_EVENT,1782979800000,0.017443788552099226,0.017443788552099226,82.75261551020408,0.0012660517153173666
CONTROL_NON_EVENT,1788940200000,0.0006576311776734708,0.0006576311776734708,48.77696326530612,0.001008224477583738
CONTROL_NON_EVENT,1777980600000,0.00746395153875947,0.00746395153875947,92.3144093877551,0.00122964868974557
CONTROL_NON_EVENT,1768718400000,-7.385516613208871e-05,7.385516613208871e-05,22.555887959183675,0.000402306975845623
CONTROL_NON_EVENT,1772512200000,-0.010601050991106385,0.010601050991106385,84.34052163265306,0.001290846987059604
CONTROL_NON_EVENT,1787362500000,-0.01126935911609003,0.01126935911609003,126.61378857142857,0.0021847247768716186
CONTROL_NON_EVENT,1774863900000,0.0008158668566852113,0.0008158668566852113,58.51672428571428,0.0008338899699059042
CONTROL_NON_EVENT,1768369800000,-0.00012397136913852564,0.00012397136913852564,54.82896346938776,0.000749282054354683
CONTROL_NON_EVENT,1781171700000,0.0023849672059063813,0.0023849672059063813,85.39928020408162,0.0014014038186828128
CONTROL_NON_EVENT,1768298400000,-0.004044122547316197,0.004044122547316197,52.375873469387756,0.0008335565411697952
CONTROL_NON_EVENT,1775545800000,-0.0030506777484762674,0.0030506777484762674,45.49209591836735,0.0011110267018434486
CONTROL_NON_EVENT,1788723900000,0.008807949782983684,0.008807949782983684,38.64949612244898,0.0008624697039230981
CONTROL_NON_EVENT,1786608300000,-0.005276543809794613,0.005276543809794613,29.756187959183674,0.0006186997741536098
CONTROL_NON_EVENT,1777122000000,-0.002624464879576417,0.002624464879576417,27.32171836734694,0.0006244033633972743
CONTROL_NON_EVENT,1779050700000,-0.01500335614832951,0.01500335614832951,79.79298714285716,0.0014720218874588254
CONTROL_NON_EVENT,1785820500000,-0.005664207543176535,0.005664207543176535,38.46984612244898,0.0005470093514786351
CONTROL_NON_EVENT,1774011600000,-0.006077855037870674,0.006077855037870674,103.85777040816326,0.001983994455245675
CONTROL_NON_EVENT,1769001000000,-0.018213350123112523,0.018213350123112523,126.2969306122449,0.0029675621132885955
CONTROL_NON_EVENT,1786530300000,-0.00639929449959415,0.00639929449959415,65.11080448979591,0.0010609657322708129
CONTROL_NON_EVENT,1769580900000,0.002043015799598388,0.002043015799598388,41.79160653061224,0.000848484050862051
CONTROL_NON_EVENT,1767845700000,-0.0025432325320718513,0.0025432325320718513,66.27180979591836,0.0009328427822051065
CONTROL_NON_EVENT,1784649300000,-0.0034761851769752727,0.0034761851769752727,62.01358918367347,0.00081294030938619
CONTROL_NON_EVENT,1768156200000,-0.0021378309863089233,0.0021378309863089233,23.756950204081633,0.000632162783583766
CONTROL_NON_EVENT,1784150400000,-0.006463666327819417,0.006463666327819417,36.594202448979594,0.0007668015818880013
CONTROL_NON_EVENT,1782462300000,-0.009757189398900763,0.009757189398900763,83.04526714285714,0.001312411627484582
CONTROL_NON_EVENT,1788547500000,0.0007433016486927125,0.0007433016486927125,36.64399979591837,0.0005311502032915614
CONTROL_NON_EVENT,1787140200000,0.05780851120559607,0.05780851120559607,281.9933463265306,0.003046910253656978
CONTROL_NON_EVENT,1770677100000,-0.004909556103820698,0.004909556103820698,40.41122857142857,0.0013131300652498025
CONTROL_NON_EVENT,1785435900000,0.003015014267960533,0.003015014267960533,27.181564693877554,0.0006813814663444509
CONTROL_NON_EVENT,1780744800000,-0.002726137404373955,0.002726137404373955,50.51583040816326,0.001410190769342084
CONTROL_NON_EVENT,1769280300000,-0.000571700234484438,0.000571700234484438,7.900075510204082,0.0002832863380655247
CONTROL_NON_EVENT,1776648000000,-0.0011877985155346348,0.0011877985155346348,41.07238040816327,0.00100450099297869
CONTROL_NON_EVENT,1771450500000,0.003716358221776654,0.003716358221776654,36.0644706122449,0.000982587085617812
CONTROL_NON_EVENT,1777835400000,0.004659485548276702,0.004659485548276702,46.977694489795915,0.0012643300045797135
CONTROL_NON_EVENT,1775711100000,0.005401600341412189,0.005401600341412189,52.215492244897966,0.0007560654299941713
CONTROL_NON_EVENT,1775703600000,-0.0003427190422775535,0.0003427190422775535,44.554321836734694,0.0006281648185257809
CONTROL_NON_EVENT,1787022000000,0.002677344856146521,0.002677344856146521,68.74714346938777,0.0006122884534906694
CONTROL_NON_EVENT,1776745200000,0.009084418237790253,0.009084418237790253,49.203670204081625,0.0008854074767698776
CONTROL_NON_EVENT,1779484500000,-0.0074624991073329455,0.0074624991073329455,47.50393836734693,0.0009304929955949431
CONTROL_NON_EVENT,1787814900000,0.0108008101749367,0.0108008101749367,80.78955653061224,0.001670455276670902
CONTROL_NON_EVENT,1783428000000,0.006946486992000369,0.006946486992000369,114.25798530612246,0.0017128960114805205
CONTROL_NON_EVENT,1783887300000,0.0004543697220602848,0.0004543697220602848,31.87052897959184,0.0010912516202303867
CONTROL_NON_EVENT,1780398300000,-0.022958966696359374,0.022958966696359374,157.44810265306123,0.0016042630783681816
CONTROL_NON_EVENT,1774307700000,0.0005024516518028325,0.0005024516518028325,49.46207265306123,0.0011965650752756819
CONTROL_NON_EVENT,1785759900000,0.020323025699921726,0.020323025699921726,114.83429040816326,0.001473948790749036
CONTROL_NON_EVENT,1782978300000,0.018168336727283685,0.018168336727283685,82.17353755102042,0.0012885389106284276
CONTROL_NON_EVENT,1780978800000,0.0013272000915245123,0.0013272000915245123,78.7392048979592,0.0016699348095622283
CONTROL_NON_EVENT,1769867400000,-0.04505451176471996,0.04505451176471996,355.34737836734695,0.0034368581068365965
CONTROL_NON_EVENT,1786047300000,-0.003270228822981249,0.003270228822981249,22.559947959183678,0.0004283172827917604
CONTROL_NON_EVENT,1770471900000,0.0035650102073778033,0.0035650102073778033,197.2673240816326,0.0023507734878454797
CONTROL_NON_EVENT,1767840900000,-0.011637212473788405,0.011637212473788405,52.73963918367347,0.0009516793153704492
CONTROL_NON_EVENT,1783140300000,-0.0010387372603970198,0.0010387372603970198,31.678016734693877,0.0006330980244879902
CONTROL_NON_EVENT,1771312500000,-0.006076355082964996,0.006076355082964996,34.2317206122449,0.0011048959956218832
CONTROL_NON_EVENT,1778145000000,-0.0030469676481882065,0.0030469676481882065,44.673071632653055,0.0008613998280770725
CONTROL_NON_EVENT,1775676000000,-0.0029769407520395443,0.0029769407520395443,32.777297142857144,0.001020807725919388
CONTROL_NON_EVENT,1769608800000,-0.0052387442793346275,0.0052387442793346275,81.07812530612244,0.0018887944446256476
CONTROL_NON_EVENT,1774938600000,-0.015904662521240787,0.015904662521240787,95.73438489795919,0.0013034847891364467
CONTROL_NON_EVENT,1783713000000,0.002339750601618952,0.002339750601618952,68.32369857142857,0.0006191108414956676
CONTROL_NON_EVENT,1781781300000,-0.009168870198507057,0.009168870198507057,68.30673204081631,0.0018960739432047791
CONTROL_NON_EVENT,1776082500000,0.016574621463367068,0.016574621463367068,115.67473367346939,0.0021590650667915505
CONTROL_NON_EVENT,1789768500000,0.0005267226501819113,0.0005267226501819113,49.25074714285714,0.0010348002124399443
CONTROL_NON_EVENT,1773224100000,0.013815315512304636,0.013815315512304636,135.3942124489796,0.002450198397848997
CONTROL_NON_EVENT,1782531300000,0.0019587027730714915,0.0019587027730714915,37.054556734693875,0.0007514517864379939
CONTROL_NON_EVENT,1768528200000,-0.0008289072168439221,0.0008289072168439221,41.66834306122448,0.0007079044902874103
CONTROL_NON_EVENT,1786573200000,-0.0010079662713891214,0.0010079662713891214,41.16717,0.0007433871342813983
CONTROL_NON_EVENT,1782567600000,-2.640225250814872e-05,2.640225250814872e-05,35.09828510204081,0.0012044035916569436
CONTROL_NON_EVENT,1771924200000,-0.003246093997515067,0.003246093997515067,47.80188020408164,0.0009478591928057204
CONTROL_NON_EVENT,1785682500000,0.004957081385147805,0.004957081385147805,26.598699795918368,0.0006207300313723564
CONTROL_NON_EVENT,1775922900000,0.01137799645530482,0.01137799645530482,48.873148163265306,0.0010234373338610524
CONTROL_NON_EVENT,1789859700000,-0.01020072291009767,0.01020072291009767,64.48311020408163,0.0009623335630220794
CONTROL_NON_EVENT,1781775900000,-0.002437656233832065,0.002437656233832065,43.43692204081633,0.0012295318181314155
CONTROL_NON_EVENT,1772148300000,-0.006769184412361556,0.006769184412361556,43.495153265306115,0.0011360823366343004
CONTROL_NON_EVENT,1767400500000,0.0007797583526422301,0.0007797583526422301,22.90687469387755,0.0005913699035116237
CONTROL_NON_EVENT,1772891400000,-0.0008081757775693542,0.0008081757775693542,33.1105406122449,0.0008565766464853237
CONTROL_NON_EVENT,1789461900000,0.001676311059438415,0.001676311059438415,42.30846897959184,0.0008204226001839737
CONTROL_NON_EVENT,1781880300000,-0.004169036095167092,0.004169036095167092,57.68445102040817,0.001293754870925473
CONTROL_NON_EVENT,1777329000000,-4.2878816149896314e-06,4.2878816149896314e-06,33.040200816326525,0.0007846194479033501
CONTROL_NON_EVENT,1785560400000,0.0002728309346551083,0.0002728309346551083,24.082786326530613,0.00029491397174875996
CONTROL_NON_EVENT,1771701600000,-0.00769944281863549,0.00769944281863549,23.171655714285713,0.0007150497849449039
CONTROL_NON_EVENT,1786139700000,-0.0002498151414158722,0.0002498151414158722,26.340711224489798,0.0002862356635916326
CONTROL_NON_EVENT,1783554000000,-0.004379879761707735,0.004379879761707735,50.08846959183674,0.0015478392555730723
CONTROL_NON_EVENT,1780346400000,-0.005749972238382468,0.005749972238382468,52.45733244897959,0.0012407665120937222
CONTROL_NON_EVENT,1779252900000,0.008826084062892616,0.008826084062892616,49.32960918367347,0.0008732665782702769
CONTROL_NON_EVENT,1770209700000,-0.033405245543991845,0.033405245543991845,228.35845734693876,0.0037405823510699037
CONTROL_NON_EVENT,1775387100000,-0.0017629655526672848,0.0017629655526672848,31.69722571428571,0.000657750965771545
CONTROL_NON_EVENT,1767782400000,-0.00034416697388081076,0.00034416697388081076,54.322826938775506,0.0008546238947227858
CONTROL_NON_EVENT,1787999400000,0.00022168079356061276,0.00022168079356061276,20.49413551020408,0.0004325593111497414
CONTROL_NON_EVENT,1789108800000,-0.002865402965093825,0.002865402965093825,33.16725979591837,0.0006803571834324553
CONTROL_NON_EVENT,1784017800000,0.012941512336788839,0.012941512336788839,68.93594040816326,0.0014167492884632142
CONTROL_NON_EVENT,1788090600000,0.008460482855096938,0.008460482855096938,47.333927959183676,0.0010073771179296134
CONTROL_NON_EVENT,1778722800000,0.0028186099210690285,0.0028186099210690285,52.14844591836735,0.0010479549972205557
CONTROL_NON_EVENT,1781825100000,-0.0005661217479803853,0.0005661217479803853,53.2764606122449,0.0012255931962151126
CONTROL_NON_EVENT,1774814100000,-0.005089631103103611,0.005089631103103611,74.75985489795919,0.0025115928194304853
CONTROL_NON_EVENT,1768978200000,-0.003540796173502374,0.003540796173502374,44.81332428571429,0.0010111102302841034
CONTROL_NON_EVENT,1787251200000,0.0026387069384295877,0.0026387069384295877,57.69582632653061,0.0009944301830868622
CONTROL_NON_EVENT,1775530500000,-0.0015384279348806562,0.0015384279348806562,40.58820204081633,0.0007736682731923863
CONTROL_NON_EVENT,1775717700000,0.0034436669527355703,0.0034436669527355703,48.36457959183673,0.0008575486242530031
CONTROL_NON_EVENT,1786822800000,-0.00020327785944455784,0.00020327785944455784,8.268384489795919,0.00017198537756821377
CONTROL_NON_EVENT,1777943700000,0.008918704757573392,0.008918704757573392,53.83485142857143,0.0009228929231360741
CONTROL_NON_EVENT,1787828700000,0.007956627594688888,0.007956627594688888,78.97637428571429,0.0015346654139659676
CONTROL_NON_EVENT,1779830400000,-0.002080577284231669,0.002080577284231669,37.924161224489794,0.0007267276618222397
CONTROL_NON_EVENT,1775343300000,-0.0034089061233306323,0.0034089061233306323,29.681215306122446,0.0003855875584891799
CONTROL_NON_EVENT,1787037900000,0.0014628189172370696,0.0014628189172370696,27.883818979591837,0.0005332042142102083
CONTROL_NON_EVENT,1770709800000,-0.005604958552779671,0.005604958552779671,74.52986081632653,0.0015005591178506507
CONTROL_NON_EVENT,1768062600000,-0.00048131684228340445,0.00048131684228340445,10.825955306122447,0.00022324606638523227
CONTROL_NON_EVENT,1777706400000,-0.001275154881272007,0.001275154881272007,15.9180806122449,0.0002585118003057527
CONTROL_NON_EVENT,1776377100000,-0.00437222635515481,0.00437222635515481,34.32734693877551,0.0009700106564846626
CONTROL_NON_EVENT,1789180500000,0.0005261293656826868,0.0005261293656826868,39.78502469387756,0.00030416409812059406
CONTROL_NON_EVENT,1778587200000,-0.005085505769876353,0.005085505769876353,67.88178020408162,0.0013406042942136936
CONTROL_NON_EVENT,1779011100000,0.001566306996171175,0.001566306996171175,27.038571428571426,0.0005083851706842094
CONTROL_NON_EVENT,1777332000000,-0.005719797585224851,0.005719797585224851,33.44156530612245,0.0009407045014628582
CONTROL_NON_EVENT,1787001900000,-5.067684680578918e-05,5.067684680578918e-05,27.168328571428567,0.00047112199788395783
CONTROL_NON_EVENT,1771373700000,0.0012675190187041697,0.0012675190187041697,26.451462653061224,0.0011324449681021113
CONTROL_NON_EVENT,1780712700000,0.0037467426333717326,0.0037467426333717326,139.30253285714286,0.003127841787338947
CONTROL_NON_EVENT,1769085000000,-0.013659042791087256,0.013659042791087256,78.98733714285716,0.0017559871786901027
CONTROL_NON_EVENT,1780600800000,-0.009008560108040915,0.009008560108040915,66.35789081632653,0.0017127130829618599
CONTROL_NON_EVENT,1769229300000,-0.0011873317552017547,0.0011873317552017547,19.703552448979593,0.0002935036708382787
CONTROL_NON_EVENT,1774395000000,-0.0013026400652564366,0.0013026400652564366,55.593748979591844,0.0008312468337908326
CONTROL_NON_EVENT,1772915100000,0.0014444508714957594,0.0014444508714957594,48.61396530612245,0.0006434381923877013
CONTROL_NON_EVENT,1787634600000,-0.008813839163790815,0.008813839163790815,85.4572906122449,0.0015706336074830798
CONTROL_NON_EVENT,1787088900000,-0.0020024839843082996,0.0020024839843082996,19.87647571428571,0.0004842402932090123
CONTROL_NON_EVENT,1772744700000,-0.00596323837938876,0.00596323837938876,67.2659881632653,0.0013493823531644275
CONTROL_NON_EVENT,1777533900000,0.0029608142792741494,0.0029608142792741494,36.419498571428576,0.0006891307651852832
CONTROL_NON_EVENT,1769255400000,-0.003405049821355141,0.003405049821355141,20.753262040816328,0.0003692936866839787
CONTROL_NON_EVENT,1781639100000,0.00015661179820050054,0.00015661179820050054,22.800405714285713,0.0008142797745054736
CONTROL_NON_EVENT,1776405900000,0.014114927400507972,0.014114927400507972,92.37409979591837,0.0017242200451999166
CONTROL_NON_EVENT,1787080200000,-0.00035630787781880976,0.00035630787781880976,16.668931224489796,0.0003409948398561912
CONTROL_NON_EVENT,1780361700000,-0.0067223337943192255,0.0067223337943192255,69.2414287755102,0.0015731797894397402
CONTROL_NON_EVENT,1779352800000,-0.008767822291095805,0.008767822291095805,36.92266795918367,0.0009121519535349675
CONTROL_NON_EVENT,1770722700000,0.004251345401032261,0.004251345401032261,119.31188163265305,0.0026975509012220488
CONTROL_NON_EVENT,1776014700000,0.004327080586153939,0.004327080586153939,28.580312040816327,0.0006977761265272392
CONTROL_NON_EVENT,1785805800000,0.005727287535828085,0.005727287535828085,52.314793673469396,0.0008882070562164314
CONTROL_NON_EVENT,1770273300000,0.007910049878155724,0.007910049878155724,157.23800836734694,0.0022900313518083703
CONTROL_NON_EVENT,1780261800000,-0.0015606340245358811,0.0015606340245358811,30.052361428571427,0.0010939437221063899
CONTROL_NON_EVENT,1775337600000,-0.001751735791323589,0.001751735791323589,28.703823061224494,0.0004362934841416344
CONTROL_NON_EVENT,1783128600000,0.0004780744371662241,0.0004780744371662241,25.149657346938774,0.0006064593551927727
CONTROL_NON_EVENT,1772577000000,-0.004166148643790483,0.004166148643790483,67.37633122448979,0.0017675284083040882
CONTROL_NON_EVENT,1776343800000,-0.006052577469104483,0.006052577469104483,114.16407265306123,0.002833413982029577
CONTROL_NON_EVENT,1784286900000,-0.0019085351485650579,0.0019085351485650579,80.66860551020409,0.0014345558568576865
CONTROL_NON_EVENT,1779603900000,0.0064761606921803945,0.0064761606921803945,32.759615714285715,0.000675897589748702
CONTROL_NON_EVENT,1784875200000,-0.006679555052784556,0.006679555052784556,53.98078673469388,0.0008304726380291854
CONTROL_NON_EVENT,1787372100000,-0.01192176957677363,0.01192176957677363,124.05068000000003,0.0023177746577450545
CONTROL_NON_EVENT,1769048700000,-0.003180797199480807,0.003180797199480807,25.840909795918364,0.00088170401773037
CONTROL_NON_EVENT,1779945000000,0.003926492575227477,0.003926492575227477,77.58004040816327,0.0008589405727363062
CONTROL_NON_EVENT,1788369000000,0.0025823028820740343,0.0025823028820740343,30.312710204081636,0.0008794348888565063
CONTROL_NON_EVENT,1785543300000,0.0010299348131466144,0.0010299348131466144,30.91269795918367,0.00031291593678290096
CONTROL_NON_EVENT,1777789500000,0.004035827538589349,0.004035827538589349,18.44645204081633,0.0005411143849505934
CONTROL_NON_EVENT,1772648700000,-0.001987578655121648,0.001987578655121648,108.7008748979592,0.0016805251948009568
CONTROL_NON_EVENT,1783885200000,-0.005404562900617609,0.005404562900617609,24.130860204081635,0.0008004132099122425
CONTROL_NON_EVENT,1776379200000,-0.003534575793514297,0.003534575793514297,34.31997775510204,0.0009825460361180876
CONTROL_NON_EVENT,1783072500000,0.0064377592002940074,0.0064377592002940074,50.283682857142864,0.0010269219642653074
CONTROL_NON_EVENT,1773432600000,-0.0064975544125684325,0.0064975544125684325,65.90009448979592,0.001084338711700875
CONTROL_NON_EVENT,1782466200000,-0.017380766831231836,0.017380766831231836,126.23804122448978,0.0021727403893819696
CONTROL_NON_EVENT,1779249000000,0.0072332405339842415,0.0072332405339842415,45.233375918367344,0.0007483712669967614
CONTROL_NON_EVENT,1775382600000,-0.002431152163541954,0.002431152163541954,31.39382979591836,0.0006655360736751476
CONTROL_NON_EVENT,1769823600000,-0.00036836045450642976,0.00036836045450642976,29.535545306122447,0.0006160494880476321
CONTROL_NON_EVENT,1778586300000,-0.005553461150913099,0.005553461150913099,65.74677346938775,0.001317162931970976
CONTROL_NON_EVENT,1787898300000,-0.006557919204180533,0.006557919204180533,54.0648806122449,0.0010487938274005273
CONTROL_NON_EVENT,1782518700000,0.0044007027422078415,0.0044007027422078415,37.15060142857143,0.0008429599200357458
CONTROL_NON_EVENT,1779594300000,0.00021328683211618043,0.00021328683211618043,17.404584693877553,0.0005706794909049468
CONTROL_NON_EVENT,1771553700000,0.008584206296749029,0.008584206296749029,44.489244489795915,0.0013398271250589613
CONTROL_NON_EVENT,1778224500000,0.011061860736488596,0.011061860736488596,58.205201428571435,0.0007567363975012956
CONTROL_NON_EVENT,1789145400000,-0.008011347590562577,0.008011347590562577,43.89636428571429,0.0011770151943059082
CONTROL_NON_EVENT,1780404600000,-0.021982550355200154,0.021982550355200154,206.6806044897959,0.0020543565450441273
CONTROL_NON_EVENT,1770333000000,-0.002428109020097591,0.002428109020097591,616.5208548979591,0.007112952004291676
CONTROL_NON_EVENT,1789370700000,0.002559068188801961,0.002559068188801961,42.45055693877551,0.001075200407104943
CONTROL_NON_EVENT,1779705300000,0.0006952497288009351,0.0006952497288009351,22.35480326530612,0.0004829972392504086
CONTROL_NON_EVENT,1789672500000,-0.000974731938921213,0.000974731938921213,20.28039367346939,0.0005466953084605921
CONTROL_NON_EVENT,1786997700000,0.0024906538277317913,0.0024906538277317913,24.62870428571429,0.0005101523854342421
CONTROL_NON_EVENT,1773972600000,0.0025522872797823512,0.0025522872797823512,43.43828775510204,0.001162510077745227
CONTROL_NON_EVENT,1787378100000,-0.004119370773738879,0.004119370773738879,71.60946142857142,0.0014707946222886695
CONTROL_NON_EVENT,1774412700000,0.004606598336516306,0.004606598336516306,62.595899591836734,0.0012572422072782991
CONTROL_NON_EVENT,1773604200000,0.016501730003165602,0.016501730003165602,71.74328591836735,0.0015069537139037203
CONTROL_NON_EVENT,1769286000000,-0.0016393638843045185,0.0016393638843045185,9.026198775510204,0.00033057588422418546
CONTROL_NON_EVENT,1781692200000,0.00394666968855139,0.00394666968855139,57.636684693877555,0.0010321941495670959
CONTROL_NON_EVENT,1773213900000,-0.004926546697524415,0.004926546697524415,83.7040087755102,0.0009967328215236613
CONTROL_NON_EVENT,1781229300000,-0.0010721121555445543,0.0010721121555445543,41.747304081632656,0.0009192351411308182
CONTROL_NON_EVENT,1779226500000,-0.005515657009756129,0.005515657009756129,19.933337551020408,0.0008188465030651652
CONTROL_NON_EVENT,1776857100000,0.009621572671469788,0.009621572671469788,103.04952142857144,0.0013214603847010971
CONTROL_NON_EVENT,1778644500000,-0.0027454772609819024,0.0027454772609819024,30.711386326530615,0.00042682281969295743
CONTROL_NON_EVENT,1779729600000,-0.004126202895996044,0.004126202895996044,20.122361224489794,0.0004981116491942865
CONTROL_NON_EVENT,1785701700000,-0.0013267265366261305,0.0013267265366261305,30.651181428571427,0.0009464941578645486
CONTROL_NON_EVENT,1772343900000,-0.016090190599367747,0.016090190599367747,89.34076061224489,0.0016662062464911588
CONTROL_NON_EVENT,1769625600000,-0.004243529200855728,0.004243529200855728,44.40127857142857,0.0013946686278841376
CONTROL_NON_EVENT,1774086000000,0.0012240962504602737,0.0012240962504602737,25.54473673469388,0.0004507485703026085
CONTROL_NON_EVENT,1769250600000,-0.001389638656011583,0.001389638656011583,15.062212448979592,0.0003538416757279177
CONTROL_NON_EVENT,1776677100000,0.002198517243732421,0.002198517243732421,37.70734489795918,0.0009866367524256703
CONTROL_NON_EVENT,1768744200000,0.0005917527883630744,0.0005917527883630744,20.31147326530612,0.0004939196000750639
CONTROL_NON_EVENT,1777325700000,0.003366745594940602,0.003366745594940602,32.34529836734694,0.0007178195676017616
CONTROL_NON_EVENT,1786851000000,-0.0009462815318259559,0.0009462815318259559,15.8795106122449,0.00018993669071024145
CONTROL_NON_EVENT,1785451800000,-0.00859093631094085,0.00859093631094085,65.94184326530613,0.001581621199352001
CONTROL_NON_EVENT,1776829800000,0.005690490494207806,0.005690490494207806,88.92215469387754,0.001213036868738842
CONTROL_NON_EVENT,1769822100000,-0.0021366947782168,0.0021366947782168,31.01759102040816,0.0006361299546894049
CONTROL_NON_EVENT,1771957800000,-0.00341930884809673,0.00341930884809673,45.41475408163266,0.0013799649963662094
CONTROL_NON_EVENT,1768356000000,-0.0031850980220822127,0.0031850980220822127,45.13784714285715,0.0008973016395700581
CONTROL_NON_EVENT,1781763900000,-0.00022678965720367825,0.00022678965720367825,48.936162653061224,0.0010295928779211463
CONTROL_NON_EVENT,1778019300000,-0.0013989580005407316,0.0013989580005407316,66.13880857142857,0.001128487901801426
CONTROL_NON_EVENT,1785062100000,0.0017817748032472275,0.0017817748032472275,25.18028530612245,0.00047514796234222325
CONTROL_NON_EVENT,1775175300000,-0.003139662235355285,0.003139662235355285,45.42063775510204,0.0012556097032717347
CONTROL_NON_EVENT,1788205200000,-0.005350333664674715,0.005350333664674715,31.72056897959184,0.0007822843455655507
CONTROL_NON_EVENT,1780777200000,0.003829060697831183,0.003829060697831183,33.18608571428572,0.0012490200776384959
CONTROL_NON_EVENT,1783856400000,0.002330332207097263,0.002330332207097263,24.20805448979592,0.0005311300339114538
CONTROL_NON_EVENT,1777721700000,0.003205361528164593,0.003205361528164593,17.28449244897959,0.00047781007181719033
CONTROL_NON_EVENT,1770370500000,0.021692765703354638,0.021692765703354638,214.72176612244897,0.0024353661769592927
CONTROL_NON_EVENT,1789238700000,0.0004491188278232288,0.0004491188278232288,34.5812693877551,0.00038181970229058407
CONTROL_NON_EVENT,1767907800000,3.2256532030048697e-05,3.2256532030048697e-05,29.006322857142862,0.0010819662995231022
CONTROL_NON_EVENT,1775277000000,0.0017456116245258405,0.0017456116245258405,39.91582163265306,0.00036384186364095563
CONTROL_NON_EVENT,1774586700000,-0.011424256633549856,0.011424256633549856,98.50695591836734,0.0015607843373434697
CONTROL_NON_EVENT,1785558300000,0.0006647094929271086,0.0006647094929271086,25.686078571428567,0.000296096452729411
CONTROL_NON_EVENT,1788567000000,-0.0016654391442585813,0.0016654391442585813,18.751778571428574,0.00039904134237641795
CONTROL_NON_EVENT,1785435300000,0.0019762275356943414,0.0019762275356943414,27.4757806122449,0.000663410936014744
CONTROL_NON_EVENT,1789713900000,0.010889608546435047,0.010889608546435047,81.56324040816327,0.0010585099998173272
CONTROL_NON_EVENT,1785575400000,-0.0001503674098525233,0.0001503674098525233,21.309148571428572,0.00025464383048851035
CONTROL_NON_EVENT,1776316800000,-0.0022623523934323666,0.0022623523934323666,48.87329244897959,0.000677028828405686
CONTROL_NON_EVENT,1773403800000,-0.009552609776304928,0.009552609776304928,259.3398342857143,0.0024410052534485065
CONTROL_NON_EVENT,1769511300000,-0.0004728515866841389,0.0004728515866841389,41.573520816326536,0.001000791694088267
CONTROL_NON_EVENT,1783189500000,0.0005703744593787172,0.0005703744593787172,23.645581632653062,0.0008554720402345156
CONTROL_NON_EVENT,1780656900000,-0.02667066644045347,0.02667066644045347,236.66934163265302,0.0034410575834913394
CONTROL_NON_EVENT,1781752200000,-0.006729594827961677,0.006729594827961677,56.35084469387754,0.0009835404914959947
CONTROL_NON_EVENT,1786948800000,0.0006265709477997776,0.0006265709477997776,42.788247346938775,0.0006160234045472146
CONTROL_NON_EVENT,1779762600000,0.002598188233259354,0.002598188233259354,41.505282040816326,0.0004171799568903341
CONTROL_NON_EVENT,1777178100000,0.008836360031065787,0.008836360031065787,31.06463836734694,0.0008709770409482509
CONTROL_NON_EVENT,1774432800000,0.002278262995871543,0.002278262995871543,74.89232265306123,0.0014073025304824677
CONTROL_NON_EVENT,1788565200000,-0.0005681075754244993,0.0005681075754244993,17.652554489795918,0.000404006361705021
CONTROL_NON_EVENT,1789478100000,-0.008682901748615409,0.008682901748615409,139.85727530612243,0.0018133069976345474
CONTROL_NON_EVENT,1787713800000,-0.0007370390991271383,0.0007370390991271383,40.19713489795918,0.0010516356889482545
CONTROL_NON_EVENT,1771735500000,-0.00039392896334017097,0.00039392896334017097,19.274928979591834,0.0004524404028475891
CONTROL_NON_EVENT,1789223400000,-0.003626290854042922,0.003626290854042922,19.700655714285716,0.00032182443915967544
CONTROL_NON_EVENT,1787425200000,-0.0026266967292039546,0.0026266967292039546,41.72866734693878,0.0009125638763494325
CONTROL_NON_EVENT,1782459000000,-0.018633168316831653,0.018633168316831653,100.55887510204082,0.0014227839604667983
CONTROL_NON_EVENT,1779130500000,0.010828759712796317,0.010828759712796317,44.48311163265306,0.0012012401181606196
CONTROL_NON_EVENT,1771580400000,-0.022181267833969495,0.022181267833969495,123.81006510204081,0.0017658705023718578
CONTROL_NON_EVENT,1770787200000,-0.012339454841673547,0.012339454841673547,99.78783938775511,0.0015705189225626525
CONTROL_NON_EVENT,1769588100000,0.008535594796237974,0.008535594796237974,63.54204571428571,0.0010162396718490542
CONTROL_NON_EVENT,1774675500000,0.0002603381924269184,0.0002603381924269184,56.119229183673475,0.00048514967684731115
CONTROL_NON_EVENT,1770709200000,-0.004228515908233947,0.004228515908233947,70.99557591836735,0.0014605678006899285
CONTROL_NON_EVENT,1771046100000,0.01248516737730192,0.01248516737730192,65.95333326530613,0.0009155186936148365
CONTROL_NON_EVENT,1771745700000,0.0019211945738598958,0.0019211945738598958,16.444818571428574,0.0003956859188209274
CONTROL_NON_EVENT,1770673500000,0.0050004496807266674,0.0050004496807266674,46.52648428571429,0.0016269090396158273
CONTROL_NON_EVENT,1784235900000,-0.0020972385527806754,0.0020972385527806754,32.25862775510204,0.000786635010345522
CONTROL_NON_EVENT,1767294000000,0.003691744914025696,0.003691744914025696,22.83397714285714,0.0005067734297109125
CONTROL_NON_EVENT,1784887200000,-0.017319579269761864,0.017319579269761864,84.22131673469387,0.0013692151408503978
CONTROL_NON_EVENT,1780228200000,-0.0038432424485905056,0.0038432424485905056,28.26574693877551,0.0006539119966544222
CONTROL_NON_EVENT,1774155000000,-0.008606806930443026,0.008606806930443026,46.3570763265306,0.0009224113387932243
CONTROL_NON_EVENT,1784351400000,0.0007535229190948879,0.0007535229190948879,20.271154081632652,0.00023186988573305008
CONTROL_NON_EVENT,1777413000000,0.0033991084941540546,0.0033991084941540546,27.814152653061225,0.0007298676009042848
CONTROL_NON_EVENT,1784052900000,0.003595270563441425,0.003595270563441425,33.46603653061224,0.0007877174667316131
CONTROL_NON_EVENT,1784586900000,0.0028976697061803757,0.0028976697061803757,40.96316081632653,0.0008628549646258957
CONTROL_NON_EVENT,1780680900000,0.015432547328531221,0.015432547328531221,225.35531918367346,0.003496702141237137
CONTROL_NON_EVENT,1788427200000,0.009747753056065936,0.009747753056065936,47.30676244897959,0.0009905095588304373
CONTROL_NON_EVENT,1780805700000,0.012463852491229017,0.012463852491229017,105.49275591836734,0.001136550734810623
CONTROL_NON_EVENT,1772145000000,0.0009477040228278078,0.0009477040228278078,41.701240204081635,0.0011489717527002428
CONTROL_NON_EVENT,1778763000000,0.01822046887754666,0.01822046887754666,156.27091836734692,0.0014600479608319796
CONTROL_NON_EVENT,1774795800000,-0.0015351658458432164,0.0015351658458432164,25.418421224489798,0.0008456587510117862
CONTROL_NON_EVENT,1772236500000,-0.0011337121482388986,0.0011337121482388986,22.178272857142854,0.0008064712486221979
CONTROL_NON_EVENT,1779964200000,-0.006837538633162267,0.006837538633162267,79.9036575510204,0.0015765846898189116
CONTROL_NON_EVENT,1785175200000,-0.004708983120504248,0.004708983120504248,22.37891183673469,0.0006809871495805658
CONTROL_NON_EVENT,1778636700000,-0.000649401719558648,0.000649401719558648,26.592745102040816,0.0005683867073141497
CONTROL_NON_EVENT,1775802900000,-0.003168535243722491,0.003168535243722491,38.743675510204085,0.0007970828626234687
CONTROL_NON_EVENT,1770676200000,-0.0027591871406577855,0.0027591871406577855,39.12923897959183,0.0012693739380725496
CONTROL_NON_EVENT,1787358900000,0.009457645821037242,0.009457645821037242,63.54163510204081,0.0012684623271790264
CONTROL_NON_EVENT,1775167500000,-0.006903612245443817,0.006903612245443817,39.4007618367347,0.0010513612909010528
CONTROL_NON_EVENT,1782193800000,-0.015492224701389029,0.015492224701389029,171.05197204081634,0.0016930604221170856
CONTROL_NON_EVENT,1767849300000,-0.009921346308355514,0.009921346308355514,75.6484736734694,0.0009897021017475555
CONTROL_NON_EVENT,1788016200000,0.004789062604252381,0.004789062604252381,22.904144693877548,0.0005742152374871517
CONTROL_NON_EVENT,1776746100000,0.008419205833645754,0.008419205833645754,50.770687551020416,0.0008851447142195663
CONTROL_NON_EVENT,1782862200000,0.004562363240377842,0.004562363240377842,100.19047265306122,0.0014771681421270738
CONTROL_NON_EVENT,1773351300000,0.016592750978266717,0.016592750978266717,101.84756632653061,0.0018961477990630407
CONTROL_NON_EVENT,1775822100000,0.00461570946707076,0.00461570946707076,104.21131632653062,0.0018629224714044003
CONTROL_NON_EVENT,1772478000000,0.0064222152970533145,0.0064222152970533145,76.37620775510203,0.001560841613230953
CONTROL_NON_EVENT,1786686300000,-0.008303392533008346,0.008303392533008346,55.102231428571436,0.0007229713776234408
CONTROL_NON_EVENT,1785313500000,0.0006225312778033594,0.0006225312778033594,36.46366142857143,0.0008157810190615921
CONTROL_NON_EVENT,1784110500000,0.009264692257805504,0.009264692257805504,99.49545102040818,0.0013953900317733561
CONTROL_NON_EVENT,1784169900000,0.002573884060846453,0.002573884060846453,37.289101836734694,0.0007817948056518385
CONTROL_NON_EVENT,1781344200000,0.005171418713340202,0.005171418713340202,42.82029183673469,0.0005366361710907666
CONTROL_NON_EVENT,1773854700000,-0.0032827405630478372,0.0032827405630478372,88.29131857142858,0.0018992182036738903
CONTROL_NON_EVENT,1784384400000,0.0071400943001317845,0.0071400943001317845,29.61526897959184,0.0005506782960755133
CONTROL_NON_EVENT,1770484800000,0.008885767003792386,0.008885767003792386,50.30446571428571,0.0014593536858101264
CONTROL_NON_EVENT,1773112800000,0.0029469588714973777,0.0029469588714973777,95.32998775510205,0.0015869739705038502
CONTROL_NON_EVENT,1776378600000,-0.003823279013952508,0.003823279013952508,34.10581448979592,0.0009694066113021183
CONTROL_NON_EVENT,1781556000000,-0.0026653343748996535,0.0026653343748996535,33.974236938775505,0.0008616076109816002
CONTROL_NON_EVENT,1772344200000,-0.013504835193808264,0.013504835193808264,90.12577163265307,0.0016618056771974053
CONTROL_NON_EVENT,1785736500000,0.0001628276428813076,0.0001628276428813076,59.64149102040816,0.0006259548570715881
CONTROL_NON_EVENT,1768108800000,0.0005005509697430963,0.0005005509697430963,15.192119387755103,0.00032536310711286264
CONTROL_NON_EVENT,1774800300000,-0.0005214567106726162,0.0005214567106726162,20.604356122448976,0.0008184412684676491
CONTROL_NON_EVENT,1772501700000,-0.012347826086956521,0.012347826086956521,51.79426367346939,0.0012453524469872523
CONTROL_NON_EVENT,1786797900000,0.0022732644655930373,0.0022732644655930373,16.776725714285714,0.00030971903266484703
CONTROL_NON_EVENT,1782293100000,-0.013125102008874887,0.013125102008874887,63.765198979591844,0.0017000912641677495
CONTROL_NON_EVENT,1774472700000,0.0024600417347353976,0.0024600417347353976,37.54233469387755,0.0008981553405558409
CONTROL_NON_EVENT,1782152100000,-0.005784294631474835,0.005784294631474835,35.85931183673469,0.0008035504708637836
CONTROL_NON_EVENT,1777931400000,0.0005720519552206873,0.0005720519552206873,38.455573673469395,0.0008518709650772581
CONTROL_NON_EVENT,1773131100000,-0.006462389236249198,0.006462389236249198,114.52540265306124,0.0011730359909367099
CONTROL_NON_EVENT,1781826300000,-0.004085176226263994,0.004085176226263994,54.45616061224491,0.0012719459480812151
CONTROL_NON_EVENT,1781783700000,-0.02508753501400559,0.02508753501400559,106.42560102040818,0.0021053729156874025
CONTROL_NON_EVENT,1788537900000,0.0044940717745134955,0.0044940717745134955,43.05737591836735,0.0008012675702516654
CONTROL_NON_EVENT,1781605500000,-0.016785114388807074,0.016785114388807074,68.63690836734693,0.001463741200995691
CONTROL_NON_EVENT,1789864200000,-0.011063004320511875,0.011063004320511875,60.65888469387755,0.0009920739583547543
CONTROL_NON_EVENT,1775618100000,0.00700651077502842,0.00700651077502842,60.10371510204081,0.0008236621116459036
CONTROL_NON_EVENT,1780990500000,-0.00932894089697327,0.00932894089697327,52.175636530612245,0.0011580667319599967
CONTROL_NON_EVENT,1788021300000,0.002041322711462354,0.002041322711462354,18.863928163265307,0.0005193409259331117
CONTROL_NON_EVENT,1778965500000,-0.0030200447744246294,0.0030200447744246294,17.544749591836734,0.000492182919319803
CONTROL_NON_EVENT,1774722900000,-0.0017313067022007975,0.0017313067022007975,21.383808367346937,0.0006240408512187993
CONTROL_NON_EVENT,1785181200000,-0.019884268521653495,0.019884268521653495,50.908806326530616,0.001115231699493923
CONTROL_NON_EVENT,1778835600000,-0.00593375926603323,0.00593375926603323,37.32845897959184,0.0008840752328446331
CONTROL_NON_EVENT,1784205000000,0.006629891265294036,0.006629891265294036,64.55796346938776,0.0013566044127432326
CONTROL_NON_EVENT,1772143500000,-0.00031270920490476096,0.00031270920490476096,39.55990387755102,0.0010543641159561946
CONTROL_NON_EVENT,1773093300000,0.0049374837854824945,0.0049374837854824945,79.54175285714285,0.0013898442172036725
CONTROL_NON_EVENT,1778370900000,0.0011973465016659457,0.0011973465016659457,27.55279918367347,0.00040187262220611373
CONTROL_NON_EVENT,1768300500000,0.004907027032651188,0.004907027032651188,61.649240612244895,0.001026503290761066
CONTROL_NON_EVENT,1773289800000,0.005548882747152122,0.005548882747152122,68.29491530612245,0.0010258831784585086
CONTROL_NON_EVENT,1767250500000,0.002347304296242154,0.002347304296242154,17.421428775510204,0.0004191482593817329
CONTROL_NON_EVENT,1778987400000,0.0017806894097722986,0.0017806894097722986,19.668596530612245,0.0004532349302118224
CONTROL_NON_EVENT,1778906700000,-0.007553628968307011,0.007553628968307011,49.37602040816326,0.0007391068612035545
CONTROL_NON_EVENT,1779870900000,-0.0006459458705518226,0.0006459458705518226,33.34360510204082,0.0008175299080328363
CONTROL_NON_EVENT,1790100000000,-0.00569971565517972,0.00569971565517972,66.28783489795919,0.0007317556594307576
CONTROL_NON_EVENT,1781583000000,0.00485602813088942,0.00485602813088942,47.38857408163265,0.0008899441069046954
CONTROL_NON_EVENT,1778070600000,-0.010467157611269123,0.010467157611269123,90.67069265306122,0.0012886444703845469
CONTROL_NON_EVENT,1787525700000,-0.0015488625609029708,0.0015488625609029708,59.58266081632653,0.0014063587233808072
CONTROL_NON_EVENT,1784962800000,0.0010008446335154344,0.0010008446335154344,60.40008571428571,0.0003908727247615386
CONTROL_NON_EVENT,1776532500000,-0.003354565030050046,0.003354565030050046,31.04947734693878,0.0007755415680830848
CONTROL_NON_EVENT,1786706700000,-0.0006273970590245984,0.0006273970590245984,64.1263806122449,0.0007133680394049667
CONTROL_NON_EVENT,1772019600000,0.03181046617948727,0.03181046617948727,150.25686346938775,0.0021573116801120646
CONTROL_NON_EVENT,1767981000000,-0.010633727069420769,0.010633727069420769,34.41024142857143,0.0011125251062170088
CONTROL_NON_EVENT,1788594900000,-0.0012630792939804206,0.0012630792939804206,27.300004489795917,0.00031224526936343667
CONTROL_NON_EVENT,1784676000000,-0.0005723264769745919,0.0005723264769745919,56.47935102040816,0.0007128851570713014
CONTROL_NON_EVENT,1788460800000,0.0026604267327441523,0.0026604267327441523,76.3572,0.0016815262454481224
CONTROL_NON_EVENT,1788204900000,-0.006274285788012696,0.006274285788012696,31.41734224489796,0.0007830613001146274
CONTROL_NON_EVENT,1779420000000,-0.003725717534047865,0.003725717534047865,33.61721469387755,0.0006026931913236231
CONTROL_NON_EVENT,1773184800000,-0.004066340305184722,0.004066340305184722,95.24429551020408,0.001169601215711668
CONTROL_NON_EVENT,1778243100000,-0.004586496889006036,0.004586496889006036,80.62463285714286,0.0014078632326242995
CONTROL_NON_EVENT,1771018500000,0.0024115996198389228,0.0024115996198389228,34.77321428571428,0.0009210782466427264
CONTROL_NON_EVENT,1781996100000,-0.00047859091383639684,0.00047859091383639684,28.90234306122449,0.00031929276746506713
CONTROL_NON_EVENT,1782216300000,0.0037615848170562773,0.0037615848170562773,86.52946081632653,0.0014605147846327806
CONTROL_NON_EVENT,1777946700000,0.006100483063682201,0.006100483063682201,61.225076326530605,0.001078570576588757
CONTROL_NON_EVENT,1779509100000,-0.013791801340519874,0.013791801340519874,58.02461959183674,0.001159866461706622
CONTROL_NON_EVENT,1777944600000,0.011439645011353737,0.011439645011353737,56.26537653061224,0.0010187170817107548
CONTROL_NON_EVENT,1775304900000,0.0037538430180218785,0.0037538430180218785,31.534649591836736,0.0005553760890254133
CONTROL_NON_EVENT,1786406100000,0.0028919801638298947,0.0028919801638298947,37.66869857142858,0.0004656297109472478
CONTROL_NON_EVENT,1781948100000,-0.003045494170790278,0.003045494170790278,27.713519591836732,0.0007471900684404339
CONTROL_NON_EVENT,1780818300000,0.008492715386756621,0.008492715386756621,98.2235506122449,0.0011829223597323042
CONTROL_NON_EVENT,1778537100000,-0.007129333015225399,0.007129333015225399,38.84723897959184,0.0009348912826660963
CONTROL_NON_EVENT,1783765800000,0.004055746882994028,0.004055746882994028,34.495605714285716,0.0003303687801203174
CONTROL_NON_EVENT,1786801800000,0.0003552843551644698,0.0003552843551644698,15.733897959183674,0.00021693061813241802
CONTROL_NON_EVENT,1774685100000,-0.0024789566878071845,0.0024789566878071845,34.78098102040816,0.0005223239540731007
CONTROL_NON_EVENT,1786615800000,0.0030013646424628003,0.0030013646424628003,32.76670326530612,0.0007312026418902518
CONTROL_NON_EVENT,1776917100000,0.0036823976686077057,0.0036823976686077057,35.3608575510204,0.0007320786114158465
CONTROL_NON_EVENT,1769660100000,9.637496042143957e-05,9.637496042143957e-05,34.91948632653061,0.0007652225077481769
CONTROL_NON_EVENT,1767661500000,-0.0020581589986687575,0.0020581589986687575,25.215498163265302,0.0006421737559002361
CONTROL_NON_EVENT,1775637900000,0.0024948487464841133,0.0024948487464841133,53.04250142857143,0.0009301301566377436
CONTROL_NON_EVENT,1780908300000,0.007447468157153271,0.007447468157153271,106.9772787755102,0.002284837906527212
CONTROL_NON_EVENT,1789607400000,0.0023006004312871382,0.0023006004312871382,35.57249959183673,0.000925975836810355
CONTROL_NON_EVENT,1775839200000,0.007166436971410978,0.007166436971410978,56.38543428571428,0.001038970366294218
CONTROL_NON_EVENT,1772229000000,0.005551721414081635,0.005551721414081635,34.16316918367347,0.0017241110274111853
CONTROL_NON_EVENT,1789673100000,-0.0011905015292923607,0.0011905015292923607,19.710954285714287,0.0005458488491034597
CONTROL_NON_EVENT,1780632600000,-0.0008859186812872518,0.0008859186812872518,224.56097959183677,0.00333458152808977
CONTROL_NON_EVENT,1776748500000,0.008295230282124049,0.008295230282124049,61.253899591836735,0.0010114794150730467
CONTROL_NON_EVENT,1789163400000,0.0007815815060930672,0.0007815815060930672,44.807205918367345,0.000639667921186067
CONTROL_NON_EVENT,1769248500000,-0.002586830357142844,0.002586830357142844,10.929712653061225,0.000306795387240092
CONTROL_NON_EVENT,1787732700000,-0.003493747537652851,0.003493747537652851,48.88600183673469,0.0012348439504353394
CONTROL_NON_EVENT,1787208600000,0.029609946692876907,0.029609946692876907,241.1521789795918,0.0027058657948034292
CONTROL_NON_EVENT,1781178300000,-0.008027653710918917,0.008027653710918917,89.37066591836734,0.0016039588607870033
CONTROL_NON_EVENT,1784758500000,-0.003657470237883286,0.003657470237883286,51.456408979591835,0.000823759445913417
CONTROL_NON_EVENT,1769553600000,-0.001986984412527069,0.001986984412527069,23.844134285714286,0.0007349423986872639
CONTROL_NON_EVENT,1784360400000,-9.058879279215373e-06,9.058879279215373e-06,22.53447142857143,0.00017015835886115838
CONTROL_NON_EVENT,1772881200000,0.001856387866157444,0.001856387866157444,31.898407346938775,0.0010585662296931668
CONTROL_NON_EVENT,1784799600000,-0.009730630361860915,0.009730630361860915,48.91171775510204,0.0008951291747408376
CONTROL_NON_EVENT,1775451300000,0.0011979728615685698,0.0011979728615685698,55.29246285714286,0.0010133680041360064
CONTROL_NON_EVENT,1774995000000,-0.005310844576026004,0.005310844576026004,65.92239571428571,0.001107987580130556
CONTROL_NON_EVENT,1779612600000,0.0038543570457732577,0.0038543570457732577,37.02769469387755,0.0006691616520126602
CONTROL_NON_EVENT,1768095000000,0.002250304721864092,0.002250304721864092,9.769356530612244,0.00021260067837680952
CONTROL_NON_EVENT,1782349500000,0.01530495029951942,0.01530495029951942,52.55142040816326,0.0011047735573778794
CONTROL_NON_EVENT,1777887000000,-0.00969143792216901,0.00969143792216901,126.31747040816329,0.0019735326115679205
CONTROL_NON_EVENT,1785752400000,0.0100643353079814,0.0100643353079814,56.07419795918368,0.0011944583204554252
CONTROL_NON_EVENT,1774321800000,0.004708161768773114,0.004708161768773114,52.117913469387766,0.0008813448278877312
CONTROL_NON_EVENT,1789737600000,0.03437078136487186,0.03437078136487186,203.84271653061222,0.0023119081743095656
CONTROL_NON_EVENT,1787255400000,0.005984972966695678,0.005984972966695678,60.078394897959186,0.0011477564488089748
CONTROL_NON_EVENT,1770168000000,0.0003305925357311614,0.0003305925357311614,75.06394734693878,0.0016113492790778528
CONTROL_NON_EVENT,1775688300000,-0.0017146588740894787,0.0017146588740894787,49.41516612244898,0.0011642966178245526
CONTROL_NON_EVENT,1782523800000,0.0039679549168027935,0.0039679549168027935,35.37201163265306,0.0008260907912062919
CONTROL_NON_EVENT,1770936900000,0.00565833936760804,0.00565833936760804,61.2879624489796,0.0013497040329147633
CONTROL_NON_EVENT,1769247900000,-0.0007056919642856688,0.0007056919642856688,10.08243,0.00015269342419785671
CONTROL_NON_EVENT,1769577300000,4.858514873473909e-05,4.858514873473909e-05,31.832205102040813,0.000762156047363958
CONTROL_NON_EVENT,1781922300000,0.0046052555837206325,0.0046052555837206325,28.199253469387756,0.0007219836693926704
CONTROL_NON_EVENT,1770431100000,-0.003216551969289889,0.003216551969289889,127.68748346938774,0.0024759974577020388
CONTROL_NON_EVENT,1784364600000,0.0032746869883300716,0.0032746869883300716,28.49975224489796,0.00030094170421614833
CONTROL_NON_EVENT,1778863500000,-0.002677880958117845,0.002677880958117845,35.69378632653061,0.0007865032075329548
CONTROL_NON_EVENT,1789078500000,-0.003921047350420034,0.003921047350420034,42.21905020408162,0.0009149130070974981
CONTROL_NON_EVENT,1785568800000,2.409623656423295e-05,2.409623656423295e-05,17.4492493877551,0.0002785396959407205
CONTROL_NON_EVENT,1779259800000,0.0023453288694373783,0.0023453288694373783,35.57541142857143,0.000672137750446647
CONTROL_NON_EVENT,1787340000000,0.019128532787014724,0.019128532787014724,89.67814673469388,0.001961947845563904
CONTROL_NON_EVENT,1780485900000,-0.010875540008248924,0.010875540008248924,85.29804653061224,0.0018630335617901416
CONTROL_NON_EVENT,1772029500000,0.0415883517228886,0.0415883517228886,202.42660081632653,0.0025649858966508877
CONTROL_NON_EVENT,1772987100000,-0.0012234425357489371,0.0012234425357489371,53.80258979591838,0.0011843385204452442
CONTROL_NON_EVENT,1769950500000,-0.012298037960139193,0.012298037960139193,108.22546795918367,0.0025644494198728083
CONTROL_NON_EVENT,1787533800000,-0.002978978758715218,0.002978978758715218,89.5967575510204,0.0012484839768318462
CONTROL_NON_EVENT,1777620600000,0.0047597367873606815,0.0047597367873606815,44.94164877551021,0.0007089093805750096
CONTROL_NON_EVENT,1789560900000,-0.003092325837100308,0.003092325837100308,52.17430979591836,0.0011367913951029975
CONTROL_NON_EVENT,1784794500000,-0.00236337297956691,0.00236337297956691,33.00467081632653,0.000538872982310917
CONTROL_NON_EVENT,1786012200000,-0.0014626828740218637,0.0014626828740218637,42.277083877551014,0.0008072061550021841
CONTROL_NON_EVENT,1771360500000,-0.0020720870108214494,0.0020720870108214494,18.657114081632656,0.0009333563812249815
CONTROL_NON_EVENT,1777175400000,0.008669658212216274,0.008669658212216274,28.76351673469388,0.0008688014717848671
CONTROL_NON_EVENT,1773420000000,-0.0069704383194379195,0.0069704383194379195,86.93497346938777,0.0014491463882258125
CONTROL_NON_EVENT,1769742900000,0.006136076717649978,0.006136076717649978,88.92560367346941,0.0013413609611437902
CONTROL_NON_EVENT,1780224000000,-0.0030466846837769786,0.0030466846837769786,25.82553408163265,0.0006099532823146624
CONTROL_NON_EVENT,1787420100000,-0.0015864474469023861,0.0015864474469023861,25.919654693877554,0.0008037493898119476
CONTROL_NON_EVENT,1779869400000,-0.0038554248607067677,0.0038554248607067677,27.364055714285712,0.0006436767541989928
CONTROL_NON_EVENT,1774962000000,0.016282477448948573,0.016282477448948573,103.95786530612246,0.0025275236341729674
CONTROL_NON_EVENT,1780314300000,-0.021358192069573873,0.021358192069573873,181.5809610204082,0.0015710800778165714
CONTROL_NON_EVENT,1770621900000,-0.026244532124018935,0.026244532124018935,124.74619244897957,0.0020739796776656824
CONTROL_NON_EVENT,1785930900000,0.004880665367361691,0.004880665367361691,83.75319489795918,0.0014532350971599999
CONTROL_NON_EVENT,1770958800000,0.0037384784577875747,0.0037384784577875747,53.382024897959184,0.0013036761411896066
CONTROL_NON_EVENT,1775841000000,0.0029396813615968874,0.0029396813615968874,55.30794979591837,0.0010492124053649552
CONTROL_NON_EVENT,1781576400000,0.0030764418114454144,0.0030764418114454144,60.21564979591837,0.0010483743433624755
CONTROL_NON_EVENT,1779500100000,0.0002931979014291266,0.0002931979014291266,23.32455428571429,0.0004320362591051765
CONTROL_NON_EVENT,1770976200000,0.005923378821318462,0.005923378821318462,62.22984918367347,0.001265268613671433
CONTROL_NON_EVENT,1774701600000,0.008003376313730758,0.008003376313730758,55.66190816326531,0.0012250362603337438
CONTROL_NON_EVENT,1770669600000,-0.014792325502597754,0.014792325502597754,56.021914693877555,0.0017474675947427142
CONTROL_NON_EVENT,1789123500000,0.02175341489500407,0.02175341489500407,170.6178581632653,0.002495858064232001
CONTROL_NON_EVENT,1786905000000,-0.005508455455373739,0.005508455455373739,18.989548775510205,0.00037134066887950414
CONTROL_NON_EVENT,1769176500000,0.013980735037544734,0.013980735037544734,100.8537493877551,0.0023363900600672366
CONTROL_NON_EVENT,1789068300000,-0.005903872793901714,0.005903872793901714,30.921151836734698,0.0007662769153696906
CONTROL_NON_EVENT,1785782700000,-0.003943121278596074,0.003943121278596074,40.045777959183674,0.0008409787367577528
CONTROL_NON_EVENT,1769511000000,0.00031887028812208176,0.00031887028812208176,41.352608775510205,0.0009892569164119958
CONTROL_NON_EVENT,1786000500000,-0.00470284155744064,0.00470284155744064,33.86488408163265,0.000537276165329108
CONTROL_NON_EVENT,1788068700000,-0.001436393385422555,0.001436393385422555,13.75138306122449,0.0003794695192936498
CONTROL_NON_EVENT,1782351600000,0.011658999819651957,0.011658999819651957,61.0232630612245,0.0011486094866209639
CONTROL_NON_EVENT,1775799900000,-0.005704575159052429,0.005704575159052429,42.59433653061224,0.000848988612440604
CONTROL_NON_EVENT,1770906000000,-0.037430326294455314,0.037430326294455314,177.31624142857143,0.003327379748474882
CONTROL_NON_EVENT,1786564500000,0.000928397500453672,0.000928397500453672,37.786466734693875,0.0005539189284686701
CONTROL_NON_EVENT,1778106600000,-0.0036139587558065268,0.0036139587558065268,42.80230897959183,0.0008843449908203265
CONTROL_NON_EVENT,1771475100000,0.00039259558155044103,0.00039259558155044103,36.035981224489795,0.0007794968553452496
CONTROL_NON_EVENT,1781905200000,0.007552044737828542,0.007552044737828542,45.549537551020414,0.0009182896634932218
CONTROL_NON_EVENT,1769862300000,-0.022663325059642844,0.022663325059642844,181.6898044897959,0.002510743123167418
CONTROL_NON_EVENT,1781754600000,0.0016045538440693859,0.0016045538440693859,56.10550897959184,0.0010505286258533932
CONTROL_NON_EVENT,1781505600000,-0.0007598916975791313,0.0007598916975791313,31.793104897959182,0.0008307024134180829
CONTROL_NON_EVENT,1767266100000,0.0010184416864238706,0.0010184416864238706,20.115782857142857,0.00036589768538140605
CONTROL_NON_EVENT,1776494100000,-0.010440558977931131,0.010440558977931131,41.968425714285715,0.0009583364566568684
CONTROL_NON_EVENT,1768599600000,-0.0015525723932011857,0.0015525723932011857,14.874105918367345,0.0003695536280042787
CONTROL_NON_EVENT,1788291000000,0.0014808343671502534,0.0014808343671502534,27.14444285714286,0.0009549406753792027
CONTROL_NON_EVENT,1767595800000,0.007151581409456732,0.007151581409456732,50.23345265306123,0.0007225745704719788
SIGNIFICANT_EVENT,1767225600000,0.001289823676588062,0.001289823676588062,17.173472653061225,0.00044265072180717056
SIGNIFICANT_EVENT,1767225900000,-0.0006353397962673418,0.0006353397962673418,17.208512448979594,0.0004768892676844787
SIGNIFICANT_EVENT,1767308400000,0.0011012236408363004,0.0011012236408363004,31.894936326530612,0.0007453919496683772
SIGNIFICANT_EVENT,1767326100000,-0.0010459732447148345,0.0010459732447148345,27.135629387755106,0.0005800913910496979
SIGNIFICANT_EVENT,1767347100000,0.00022384547755581788,0.00022384547755581788,64.06622918367347,0.0009098169510927532
SIGNIFICANT_EVENT,1767348300000,-0.004543034771303395,0.004543034771303395,56.730692244897966,0.0008572034058195592
SIGNIFICANT_EVENT,1767363300000,0.018403790497727966,0.018403790497727966,155.93940653061225,0.0025000481683169606
SIGNIFICANT_EVENT,1767364200000,0.01702444221958774,0.01702444221958774,151.60492224489798,0.002472721542766101
SIGNIFICANT_EVENT,1767364500000,0.011328433572710912,0.011328433572710912,149.74575632653062,0.002423812169730524
SIGNIFICANT_EVENT,1767364800000,0.006997499095233013,0.006997499095233013,144.9947151020408,0.0023105703613805796
SIGNIFICANT_EVENT,1767365100000,0.0006608396806720709,0.0006608396806720709,141.96062163265307,0.0022906514825733267
SIGNIFICANT_EVENT,1767371400000,-0.009438371440388352,0.009438371440388352,88.96344428571429,0.0018940070981938789
SIGNIFICANT_EVENT,1767484800000,0.0036166426928136717,0.0036166426928136717,55.97211857142857,0.0011601674180222229
SIGNIFICANT_EVENT,1767485100000,4.492982782818664e-06,4.492982782818664e-06,53.452343469387756,0.0010613890668127398
SIGNIFICANT_EVENT,1767485700000,0.0025673520066256837,0.0025673520066256837,34.423179591836735,0.0009269909763525944
SIGNIFICANT_EVENT,1767573900000,0.0016890445932478161,0.0016890445932478161,91.69487081632653,0.0012391761127611286
SIGNIFICANT_EVENT,1767575100000,-0.0025187447476821357,0.0025187447476821357,82.33909877551021,0.0011850720893187858
SIGNIFICANT_EVENT,1767576900000,-0.006084514748380244,0.006084514748380244,62.54951551020409,0.0009553193446049684
SIGNIFICANT_EVENT,1767624000000,0.007790034827248866,0.007790034827248866,120.5534024489796,0.0014892655585625517
SIGNIFICANT_EVENT,1767713700000,-0.015240685090180669,0.015240685090180669,138.7636636734694,0.0016403755149537824
SIGNIFICANT_EVENT,1767734100000,-0.013213222890399664,0.013213222890399664,77.12234306122448,0.0018797782584142543
SIGNIFICANT_EVENT,1767972000000,-0.005782258186050597,0.005782258186050597,116.74811653061225,0.002340536693191632
SIGNIFICANT_EVENT,1767972300000,-0.014749577855029075,0.014749577855029075,114.8566655102041,0.0021634013278281836
SIGNIFICANT_EVENT,1767973200000,-0.009783398451864395,0.009783398451864395,69.63547551020407,0.001691459552885082
SIGNIFICANT_EVENT,1768144200000,0.00016544375060991597,0.00016544375060991597,24.996458163265306,0.0006668449423679665
SIGNIFICANT_EVENT,1768146000000,-0.0006954764310764255,0.0006954764310764255,22.213433061224492,0.0006064927497047381
SIGNIFICANT_EVENT,1768149000000,-0.006428900256147126,0.006428900256147126,24.607705714285714,0.0005672404957637231
SIGNIFICANT_EVENT,1768172400000,0.01985879767000557,0.01985879767000557,74.42507040816326,0.0015587468251970012
SIGNIFICANT_EVENT,1768173000000,0.01891826139523191,0.01891826139523191,73.91137897959184,0.0015410545268464623
SIGNIFICANT_EVENT,1768173300000,0.015526799659786,0.015526799659786,71.89056959183674,0.0015028347415881745
SIGNIFICANT_EVENT,1768173600000,0.018448488688544405,0.018448488688544405,71.54745673469388,0.0014320094758534946
SIGNIFICANT_EVENT,1768176900000,0.009923161866705013,0.009923161866705013,82.94664408163266,0.0014503718011369263
SIGNIFICANT_EVENT,1768179600000,0.005793989612967511,0.005793989612967511,76.52560489795918,0.0012660419071709916
SIGNIFICANT_EVENT,1768181400000,0.010599241571863136,0.010599241571863136,66.33263897959183,0.0011237371164994727
SIGNIFICANT_EVENT,1768239000000,0.002343428419866467,0.002343428419866467,41.71960612244898,0.0015293892038242204
SIGNIFICANT_EVENT,1768342200000,-0.001261347578189754,0.001261347578189754,122.56776224489798,0.0017994683384948442
SIGNIFICANT_EVENT,1768492500000,-0.012622155898092385,0.012622155898092385,170.71754734693874,0.0020525147466073463
SIGNIFICANT_EVENT,1768743600000,0.0003046246732956096,0.0003046246732956096,22.528373469387756,0.0005698405842776846
SIGNIFICANT_EVENT,1768777200000,-0.025603174419448923,0.025603174419448923,154.57732510204082,0.002113703088877816
SIGNIFICANT_EVENT,1768778400000,-0.025447663262017566,0.025447663262017566,155.4411448979592,0.0020451898497230226
SIGNIFICANT_EVENT,1768778700000,-0.02176431006610701,0.02176431006610701,151.79065102040818,0.0020338810021384695
SIGNIFICANT_EVENT,1768779900000,-0.012882493644039166,0.012882493644039166,144.26718204081635,0.0019968764152614115
SIGNIFICANT_EVENT,1768780800000,-0.003304878481614396,0.003304878481614396,127.92512326530613,0.0017762208889170732
SIGNIFICANT_EVENT,1768781400000,0.0017888857387904984,0.0017888857387904984,87.15017959183672,0.0014264373368964684
SIGNIFICANT_EVENT,1768781700000,-0.0015880614334927133,0.0015880614334927133,80.81378448979592,0.0012593398638636856
SIGNIFICANT_EVENT,1768885200000,-0.006728175469227488,0.006728175469227488,110.37655040816327,0.0016794492381071418
SIGNIFICANT_EVENT,1768885800000,-0.0038696202809980177,0.0038696202809980177,99.21955693877551,0.0015554689849545875
SIGNIFICANT_EVENT,1768886100000,-0.007789826218813826,0.007789826218813826,96.70608020408163,0.001535686110920291
SIGNIFICANT_EVENT,1768889700000,0.0032575185201521393,0.0032575185201521393,86.03117795918365,0.0014664945192954433
SIGNIFICANT_EVENT,1768890000000,-0.0001364110771935628,0.0001364110771935628,75.91026448979592,0.0011922611274869533
SIGNIFICANT_EVENT,1768920300000,-0.009446789146419061,0.009446789146419061,126.16338714285715,0.0021937681106674748
SIGNIFICANT_EVENT,1768921500000,-0.0026058008388231252,0.0026058008388231252,107.2422112244898,0.0020027349862466893
SIGNIFICANT_EVENT,1768922400000,-0.011661331860262502,0.011661331860262502,89.43217142857144,0.0018159033064017928
SIGNIFICANT_EVENT,1768948200000,0.008918094556825351,0.008918094556825351,112.30743755102041,0.0024579836328248077
SIGNIFICANT_EVENT,1769178900000,0.024415923738412868,0.024415923738412868,100.45470163265307,0.0022178977554802
SIGNIFICANT_EVENT,1769183100000,-0.00100400477692574,0.00100400477692574,96.56940816326532,0.0021414202737294755
SIGNIFICANT_EVENT,1769330100000,0.003345049241187308,0.003345049241187308,29.190598775510203,0.0007429023104290025
SIGNIFICANT_EVENT,1769356800000,-0.02009692322784105,0.02009692322784105,126.92395163265307,0.0015864982400477753
SIGNIFICANT_EVENT,1769357100000,-0.01578010018509181,0.01578010018509181,124.51092653061224,0.0016070167720253785
SIGNIFICANT_EVENT,1769357700000,-0.013759342027509294,0.013759342027509294,117.90732673469388,0.0016034587712964005
SIGNIFICANT_EVENT,1769358000000,-0.017754163134763096,0.017754163134763096,114.13626183673468,0.0015825625760539181
SIGNIFICANT_EVENT,1769358600000,-0.01758574967306751,0.01758574967306751,106.61753408163266,0.0015550466669578713
SIGNIFICANT_EVENT,1769366400000,-0.005114037183998508,0.005114037183998508,103.52612448979592,0.0017279375104913325
SIGNIFICANT_EVENT,1769368800000,-0.0018804595777271954,0.0018804595777271954,94.16173020408162,0.0016476228274109421
SIGNIFICANT_EVENT,1769369100000,9.990497464349269e-05,9.990497464349269e-05,86.83961408163266,0.001559300474715122
SIGNIFICANT_EVENT,1769440200000,-0.003982351056892063,0.003982351056892063,74.14897775510204,0.002170947027933104
SIGNIFICANT_EVENT,1769442000000,0.008827846532672691,0.008827846532672691,60.539509387755096,0.0020169638531777564
SIGNIFICANT_EVENT,1769534100000,0.019019093724498993,0.019019093724498993,72.6005063265306,0.0016047549808809393
SIGNIFICANT_EVENT,1769622600000,-0.011139045741006638,0.011139045741006638,62.310494081632655,0.0018551082521703404
SIGNIFICANT_EVENT,1769623200000,-0.003942620627949837,0.003942620627949837,53.851007551020395,0.0015344480069325141
SIGNIFICANT_EVENT,1769699400000,-0.01961476824833164,0.01961476824833164,337.6184504081633,0.0024464379530956225
SIGNIFICANT_EVENT,1769701200000,-0.00535830836188941,0.00535830836188941,254.2698959183673,0.00221486803770923
SIGNIFICANT_EVENT,1769736900000,0.0031770498595221934,0.0031770498595221934,250.06308183673468,0.002667455450853558
SIGNIFICANT_EVENT,1769737200000,0.013072931954685181,0.013072931954685181,225.63192285714285,0.0022175474609761577
SIGNIFICANT_EVENT,1769879100000,-0.01962495832150514,0.01962495832150514,375.71110204081634,0.0036421269222201946
SIGNIFICANT_EVENT,1769879400000,-0.01491766878972983,0.01491766878972983,347.19317387755103,0.0033857427668348844
SIGNIFICANT_EVENT,1769987100000,0.005743337516660975,0.005743337516660975,194.53335775510203,0.0037843289258734257
SIGNIFICANT_EVENT,1769987400000,-0.00978109001442066,0.00978109001442066,176.16712510204079,0.003387768298924247
SIGNIFICANT_EVENT,1770003900000,0.01095238634630436,0.01095238634630436,216.32037897959182,0.004567648506031079
SIGNIFICANT_EVENT,1770132300000,-0.0360476843478327,0.0360476843478327,389.7139273469387,0.003745054865404487
SIGNIFICANT_EVENT,1770145800000,0.015924689906318217,0.015924689906318217,146.88656040816326,0.0035364009411644206
SIGNIFICANT_EVENT,1770304800000,-0.023903477206962145,0.023903477206962145,589.8955353061225,0.005114776679347036
SIGNIFICANT_EVENT,1770305100000,-0.014774279718524493,0.014774279718524493,544.7197157142857,0.004926314079890675
SIGNIFICANT_EVENT,1770324900000,-0.00417525993846868,0.00417525993846868,666.1574251020409,0.008587036386576888
SIGNIFICANT_EVENT,1770592200000,-0.008475184261412949,0.008475184261412949,96.98817408163266,0.00302628106352251
SIGNIFICANT_EVENT,1770592800000,0.0051692616250116705,0.0051692616250116705,95.23327244897959,0.0028304412680423426
SIGNIFICANT_EVENT,1770915000000,-0.0033365739236235373,0.0033365739236235373,127.91861836734695,0.0026461647004269537
SIGNIFICANT_EVENT,1770996300000,0.0016273832339465776,0.0016273832339465776,120.81417897959186,0.0023385791585682604
SIGNIFICANT_EVENT,1771127100000,0.011554700139294603,0.011554700139294603,100.11963612244898,0.0017552262405916125
SIGNIFICANT_EVENT,1771248300000,-0.00993120636632609,0.00993120636632609,114.28353734693877,0.002749937558927621
SIGNIFICANT_EVENT,1771255800000,0.008397573520286077,0.008397573520286077,77.74478367346939,0.0020869555696974634
SIGNIFICANT_EVENT,1771428900000,-0.03129542287207353,0.03129542287207353,102.60763040816326,0.002516852894216429
SIGNIFICANT_EVENT,1771594500000,0.011901837243980681,0.011901837243980681,351.91630489795915,0.0028429972054667373
SIGNIFICANT_EVENT,1771808100000,-0.028950350514463017,0.028950350514463017,229.5750993877551,0.0029303055106297687
SIGNIFICANT_EVENT,1771808400000,-0.023851482828729054,0.023851482828729054,227.50833979591835,0.002830563588164266
SIGNIFICANT_EVENT,1771808700000,-0.00902486272117142,0.00902486272117142,215.6340712244898,0.0027932564049878124
SIGNIFICANT_EVENT,1771809300000,0.0001948973747829682,0.0001948973747829682,184.19266183673471,0.002071286627857972
SIGNIFICANT_EVENT,1771811100000,0.005264797965465844,0.005264797965465844,150.55135530612245,0.001752599522730259
SIGNIFICANT_EVENT,1771981800000,-0.004062717109352444,0.004062717109352444,114.40125653061224,0.003087447517869573
SIGNIFICANT_EVENT,1772118900000,0.008626267691457246,0.008626267691457246,129.33050306122448,0.002594186387275759
SIGNIFICANT_EVENT,1772231400000,0.01486212414981691,0.01486212414981691,33.59109040816327,0.0016877130536398803
SIGNIFICANT_EVENT,1772259300000,-0.018363975117023857,0.018363975117023857,153.32841326530612,0.003253604301998925
SIGNIFICANT_EVENT,1772330400000,-0.011046487694433836,0.011046487694433836,73.46185530612246,0.0022074804536482205
SIGNIFICANT_EVENT,1772637900000,0.00802826831880397,0.00802826831880397,219.5739432653061,0.0025316333326442287
SIGNIFICANT_EVENT,1772805900000,-0.006549600799275174,0.006549600799275174,129.75531346938777,0.0025442694795917613
SIGNIFICANT_EVENT,1772971800000,0.0006791626226115756,0.0006791626226115756,91.05752469387754,0.0014227062803952835
SIGNIFICANT_EVENT,1773007200000,0.006182254266643305,0.006182254266643305,136.34466020408163,0.0033813916949038242
SIGNIFICANT_EVENT,1773331500000,0.007004193455168624,0.007004193455168624,74.16021469387753,0.0017158158573452548
SIGNIFICANT_EVENT,1773542700000,-0.002709842834979472,0.002709842834979472,66.66143306122449,0.0009141542249691739
SIGNIFICANT_EVENT,1773597000000,0.0011498670739766808,0.0011498670739766808,28.91376918367347,0.0013143367564038097
SIGNIFICANT_EVENT,1773616800000,0.003574502369890209,0.003574502369890209,56.889285102040816,0.0014175365552243258
SIGNIFICANT_EVENT,1773631800000,-0.0008087766165224892,0.0008087766165224892,166.83483959183673,0.002668372854887487
SIGNIFICANT_EVENT,1773632100000,-0.007077191237953745,0.007077191237953745,152.97383775510204,0.00208301047766501
SIGNIFICANT_EVENT,1773833400000,-0.02390923082429564,0.02390923082429564,189.25992224489795,0.002120283392522989
SIGNIFICANT_EVENT,1773833700000,-0.02004982843081081,0.02004982843081081,181.88475959183674,0.0019983290762079324
SIGNIFICANT_EVENT,1773837000000,-0.01743460830327735,0.01743460830327735,166.7080732653061,0.0018312831351790493
SIGNIFICANT_EVENT,1773935100000,0.01654668277623007,0.01654668277623007,78.12118897959184,0.0017016090412954167
SIGNIFICANT_EVENT,1774136700000,-0.003796159266253958,0.003796159266253958,126.94793877551021,0.0024652101026656596
SIGNIFICANT_EVENT,1774137000000,0.0028627544477723824,0.0028627544477723824,120.6083781632653,0.002179033014111747
SIGNIFICANT_EVENT,1774137300000,0.006121321939716433,0.006121321939716433,103.69242775510205,0.0019505706882942376
SIGNIFICANT_EVENT,1774137600000,0.013864566604280508,0.013864566604280508,86.81187693877551,0.001903035158077792
SIGNIFICANT_EVENT,1774137900000,0.008373361028170698,0.008373361028170698,75.41709755102042,0.0016126466476775881
SIGNIFICANT_EVENT,1774263900000,0.0032062834956156382,0.0032062834956156382,252.77342571428574,0.0059974710863240676
SIGNIFICANT_EVENT,1774264200000,0.0057521468561039955,0.0057521468561039955,198.40387673469388,0.0024090422157233143
SIGNIFICANT_EVENT,1774363800000,-0.00548964299941417,0.00548964299941417,101.48802469387756,0.0018949298792624747
SIGNIFICANT_EVENT,1774517400000,-0.003091588136604371,0.003091588136604371,71.2886187755102,0.001443069924217279
SIGNIFICANT_EVENT,1774555800000,-0.003785873787733636,0.003785873787733636,68.97393081632653,0.001747545235351085
SIGNIFICANT_EVENT,1774607700000,-0.01747638879620518,0.01747638879620518,198.7254924489796,0.0021788910960614445
SIGNIFICANT_EVENT,1774824000000,0.020621381838111876,0.020621381838111876,107.87012163265305,0.00358562124025165
SIGNIFICANT_EVENT,1774824300000,0.035118062323230004,0.035118062323230004,108.6449157142857,0.0033910288917754538
SIGNIFICANT_EVENT,1774824600000,0.0258999093873595,0.0258999093873595,91.87057,0.0030799335609867085
SIGNIFICANT_EVENT,1774824900000,0.01914202954708226,0.01914202954708226,89.00134673469388,0.0029661322771769526
SIGNIFICANT_EVENT,1774829700000,0.007519818474565193,0.007519818474565193,78.5338912244898,0.0028559981828521755
SIGNIFICANT_EVENT,1774920600000,-0.009587905326129357,0.009587905326129357,68.66429428571429,0.0016826353036879127
SIGNIFICANT_EVENT,1774977000000,-0.006340607365441318,0.006340607365441318,74.37057163265307,0.00220487328729771
SIGNIFICANT_EVENT,1775092500000,-0.017722417823012517,0.017722417823012517,89.12071510204079,0.00183424023278839
SIGNIFICANT_EVENT,1775369100000,0.004437760935081055,0.004437760935081055,39.02937551020408,0.0006810858533598652
SIGNIFICANT_EVENT,1775402700000,-0.0005151111874239399,0.0005151111874239399,45.05098714285714,0.001298036949898764
SIGNIFICANT_EVENT,1775591100000,0.048876861786449094,0.048876861786449094,200.28912469387757,0.0028617067201927157
SIGNIFICANT_EVENT,1775592000000,0.036520106774057724,0.036520106774057724,195.12027551020404,0.0028636569368212005
SIGNIFICANT_EVENT,1775595900000,0.026532176387295988,0.026532176387295988,192.82524714285717,0.002916539309600745
SIGNIFICANT_EVENT,1775604000000,-0.009942236439435186,0.009942236439435186,121.4896593877551,0.002320655571908642
SIGNIFICANT_EVENT,1775604300000,-0.017501756278446284,0.017501756278446284,107.77630428571429,0.0022294058104936326
SIGNIFICANT_EVENT,1775748600000,-0.004799776402856056,0.004799776402856056,105.96952224489796,0.002582359696856968
SIGNIFICANT_EVENT,1775748900000,0.0011136362498129274,0.0011136362498129274,97.69492000000001,0.001924786818688283
SIGNIFICANT_EVENT,1775932500000,-0.003979070569894851,0.003979070569894851,47.209648163265314,0.0011192593475810129
SIGNIFICANT_EVENT,1775957400000,-0.013081561705428908,0.013081561705428908,92.68904612244897,0.0019427741750924219
SIGNIFICANT_EVENT,1775957700000,-0.008019431347651727,0.008019431347651727,91.10436244897961,0.0017860019949038997
SIGNIFICANT_EVENT,1775958000000,-0.0012066467612702107,0.0012066467612702107,78.41882979591836,0.0016463323515888352
SIGNIFICANT_EVENT,1775958300000,0.0047357762858271715,0.0047357762858271715,69.00150857142857,0.0013238258208667954
SIGNIFICANT_EVENT,1776087900000,0.011155397956754399,0.011155397956754399,146.43443489795916,0.0020121440153654854
SIGNIFICANT_EVENT,1776347400000,0.012156770730276392,0.012156770730276392,109.04216224489797,0.0028358227606887975
SIGNIFICANT_EVENT,1776347700000,0.007524526674583956,0.007524526674583956,97.45312142857142,0.0019450483203734975
SIGNIFICANT_EVENT,1776604500000,-0.009765045244003888,0.009765045244003888,63.58585877551022,0.0012714794569757043
SIGNIFICANT_EVENT,1776612600000,-0.010091241909713698,0.010091241909713698,55.10111551020408,0.0013340406209707814
SIGNIFICANT_EVENT,1776621000000,-0.005358627402148512,0.005358627402148512,38.88798306122449,0.0013328924059530902
SIGNIFICANT_EVENT,1776636000000,0.008287325718752705,0.008287325718752705,62.75036224489796,0.0016896612331668854
SIGNIFICANT_EVENT,1776636300000,0.0049091638218930495,0.0049091638218930495,52.82025061224489,0.0013187077368486929
SIGNIFICANT_EVENT,1776783300000,-0.0008568213697909219,0.0008568213697909219,63.68271734693878,0.0018679594074028983
SIGNIFICANT_EVENT,1776903300000,-0.007037707031622191,0.007037707031622191,64.05461775510204,0.001347246393053394
SIGNIFICANT_EVENT,1777180200000,-0.001652570820715898,0.001652570820715898,29.112573265306125,0.0007850212369798828
SIGNIFICANT_EVENT,1777240200000,0.008849942898049096,0.008849942898049096,86.10324040816326,0.0020997948740688363
SIGNIFICANT_EVENT,1777240500000,0.011046654052971144,0.011046654052971144,84.60318979591837,0.001824558421980869
SIGNIFICANT_EVENT,1777242600000,0.013073481354089,0.013073481354089,72.27216693877551,0.0017655647377706083
SIGNIFICANT_EVENT,1777455900000,-0.013680795179481868,0.013680795179481868,91.7020081632653,0.001332354185245694
SIGNIFICANT_EVENT,1777485900000,0.01213871445462087,0.01213871445462087,67.02997979591838,0.0020436817140268523
SIGNIFICANT_EVENT,1777605300000,-0.0026693293936160102,0.0026693293936160102,60.398059387755104,0.0012079196827743655
SIGNIFICANT_EVENT,1777643400000,-0.0033656327453027014,0.0033656327453027014,99.90749551020407,0.0015276176874556972
SIGNIFICANT_EVENT,1777757700000,-0.008943401339127448,0.008943401339127448,33.269160408163266,0.0009485542940743472
SIGNIFICANT_EVENT,1777845600000,0.007888276489773149,0.007888276489773149,84.01411857142858,0.0018383299673365653
SIGNIFICANT_EVENT,1777846200000,0.008495401488909466,0.008495401488909466,87.14544979591835,0.0017865662423016038
SIGNIFICANT_EVENT,1777859700000,0.003232190577267529,0.003232190577267529,127.41220857142855,0.0016151797527907377
SIGNIFICANT_EVENT,1777889100000,-0.00356913689912103,0.00356913689912103,124.73989408163264,0.00167898536189308
SIGNIFICANT_EVENT,1777889700000,0.008473536288293879,0.008473536288293879,113.01962040816326,0.0016997192111097403
SIGNIFICANT_EVENT,1778249700000,-0.001511792917965637,0.001511792917965637,81.12099551020408,0.001393344892661362
SIGNIFICANT_EVENT,1778351100000,-0.0034770252024480448,0.0034770252024480448,16.859494489795917,0.0004949439222999596
SIGNIFICANT_EVENT,1778427900000,0.000566743515120204,0.000566743515120204,43.05124040816327,0.000790249749734221
SIGNIFICANT_EVENT,1778445600000,0.009855321782178189,0.009855321782178189,115.35178959183673,0.001956362379864159
SIGNIFICANT_EVENT,1778445900000,0.015046816618042304,0.015046816618042304,114.42378897959183,0.0019169252096452789
SIGNIFICANT_EVENT,1778446200000,0.009070634017743088,0.009070634017743088,109.00359020408165,0.0017954669520940756
SIGNIFICANT_EVENT,1778452200000,-0.010381513330766624,0.010381513330766624,90.63193530612244,0.0015902880652652214
SIGNIFICANT_EVENT,1778599200000,0.006480433698903355,0.006480433698903355,65.39006040816327,0.0010911207200263995
SIGNIFICANT_EVENT,1778768100000,0.02061038283262914,0.02061038283262914,184.34841265306122,0.0019510030667117281
SIGNIFICANT_EVENT,1778769900000,0.01091990319417573,0.01091990319417573,180.5525585714286,0.00200078423660792
SIGNIFICANT_EVENT,1778777700000,-0.005817185340048171,0.005817185340048171,88.9194024489796,0.0018537822439705933
SIGNIFICANT_EVENT,1779061200000,-0.0032011650485436064,0.0032011650485436064,91.63962551020407,0.0015343038974253223
SIGNIFICANT_EVENT,1779061800000,-0.007236504561133964,0.007236504561133964,62.314675102040816,0.0012562992654813262
SIGNIFICANT_EVENT,1779062700000,-0.0004317015663301342,0.0004317015663301342,57.25899551020408,0.0011686379630778472
SIGNIFICANT_EVENT,1779130800000,0.004766529033797476,0.004766529033797476,44.21132510204082,0.0012044298850879085
SIGNIFICANT_EVENT,1779286500000,0.0018312644412985287,0.0018312644412985287,55.00245428571428,0.0012619577613784193
SIGNIFICANT_EVENT,1779478200000,-0.0019988716472368463,0.0019988716472368463,49.18306346938775,0.0010178108172675731
SIGNIFICANT_EVENT,1779522600000,0.003788359149330232,0.003788359149330232,72.69251734693879,0.0012467020544869184
SIGNIFICANT_EVENT,1779660000000,0.006471671018276709,0.006471671018276709,35.70897673469388,0.0013172725263905448
SIGNIFICANT_EVENT,1779791100000,0.009434835668896949,0.009434835668896949,62.20955795918368,0.0015076702222853366
SIGNIFICANT_EVENT,1779805200000,-0.019877395538355557,0.019877395538355557,147.57217326530616,0.0019633902843448413
SIGNIFICANT_EVENT,1779805800000,-0.018440027203955534,0.018440027203955534,137.41995897959185,0.0018634998673730959
SIGNIFICANT_EVENT,1779806100000,-0.010974037284196325,0.010974037284196325,133.61629591836734,0.0017387747777724834
SIGNIFICANT_EVENT,1779938100000,-0.005961787109297019,0.005961787109297019,158.84593142857142,0.0015098595187949902
SIGNIFICANT_EVENT,1779977400000,0.0044212191238255,0.0044212191238255,86.96277224489796,0.001748314510027425
SIGNIFICANT_EVENT,1780067100000,-0.0026143368506103904,0.0026143368506103904,141.52373265306122,0.0018429784176104379
SIGNIFICANT_EVENT,1780068600000,-0.0065075877965915,0.0065075877965915,127.68210163265307,0.001781057535297492
SIGNIFICANT_EVENT,1780069200000,-0.0019377999536479256,0.0019377999536479256,120.60981795918367,0.0016333630811954166
SIGNIFICANT_EVENT,1780281600000,-0.010465965890601206,0.010465965890601206,39.08912959183674,0.0009179950704854962
SIGNIFICANT_EVENT,1780321200000,0.0017062851545090753,0.0017062851545090753,178.8859769387755,0.0015990989206922529
SIGNIFICANT_EVENT,1780532700000,0.019192364154114024,0.019192364154114024,347.7382840816326,0.004491050413124671
SIGNIFICANT_EVENT,1780533300000,0.020002759503853263,0.020002759503853263,325.74062367346943,0.004215461128489797
SIGNIFICANT_EVENT,1780538400000,0.04369555077572935,0.04369555077572935,233.73808897959185,0.0037437947993629126
SIGNIFICANT_EVENT,1780668300000,-0.006547663736983728,0.006547663736983728,330.82597102040813,0.003777709076599325
SIGNIFICANT_EVENT,1780675800000,-0.0006901746422643844,0.0006901746422643844,274.2560818367347,0.004220753138722541
SIGNIFICANT_EVENT,1780870200000,-0.007217987078486841,0.007217987078486841,171.84254204081634,0.004569401991994615
SIGNIFICANT_EVENT,1780870500000,-0.0029688022453466306,0.0029688022453466306,153.1131863265306,0.0022849659287464525
SIGNIFICANT_EVENT,1781094600000,0.01181942470810629,0.01181942470810629,99.80691204081633,0.0026732186518775886
SIGNIFICANT_EVENT,1781106600000,-0.013784261293095249,0.013784261293095249,60.784140816326534,0.002167349783807697
SIGNIFICANT_EVENT,1781198700000,0.007388703272894886,0.007388703272894886,81.03349448979593,0.0020121928511932963
SIGNIFICANT_EVENT,1781199000000,0.0033212968322527073,0.0033212968322527073,74.68049142857143,0.001490138268887182
SIGNIFICANT_EVENT,1781369100000,0.005314395435507745,0.005314395435507745,25.16168857142857,0.0007505848766831458
SIGNIFICANT_EVENT,1781386800000,-4.305553684135035e-05,4.305553684135035e-05,52.31844979591836,0.0008245400536089211
SIGNIFICANT_EVENT,1781471700000,0.011537537848279475,0.011537537848279475,137.56889734693877,0.002111371247448793
SIGNIFICANT_EVENT,1781472600000,0.00805768794612564,0.00805768794612564,123.17301285714285,0.0015923300609058694
SIGNIFICANT_EVENT,1781473200000,0.006853614341633027,0.006853614341633027,109.79307408163265,0.0016297390500452883
SIGNIFICANT_EVENT,1781474700000,0.009012665126597439,0.009012665126597439,89.24921653061224,0.001498253180904167
SIGNIFICANT_EVENT,1781713800000,-0.024075613491518547,0.024075613491518547,115.60999714285717,0.0030875835134992003
SIGNIFICANT_EVENT,1781719200000,-0.019223642608313243,0.019223642608313243,113.01577224489795,0.0031066436537808715
SIGNIFICANT_EVENT,1781719500000,-0.01957389670610071,0.01957389670610071,102.6712493877551,0.002588179180785481
SIGNIFICANT_EVENT,1781966700000,-0.001954061036692178,0.001954061036692178,52.05117897959184,0.0014573132566195975
SIGNIFICANT_EVENT,1781968500000,-0.005123186764166667,0.005123186764166667,37.97006653061225,0.0009554727607331097
SIGNIFICANT_EVENT,1782075900000,0.005223726435451046,0.005223726435451046,52.61744673469387,0.0015585782617158707
SIGNIFICANT_EVENT,1782077700000,0.008872086181065419,0.008872086181065419,60.630017959183675,0.0017534835020332103
SIGNIFICANT_EVENT,1782091200000,-0.001429770304292419,0.001429770304292419,60.29933775510204,0.0015233553833253423
SIGNIFICANT_EVENT,1782091500000,-0.006476164432801602,0.006476164432801602,57.94947408163265,0.001396118890811069
SIGNIFICANT_EVENT,1782195600000,-0.004469332051502455,0.004469332051502455,160.14296081632654,0.0016779366821738349
SIGNIFICANT_EVENT,1782203400000,-8.16444376718745e-05,8.16444376718745e-05,105.87648612244897,0.0011585967683932059
SIGNIFICANT_EVENT,1782301500000,-0.04223238197866976,0.04223238197866976,168.40078346938776,0.0021994666450018898
SIGNIFICANT_EVENT,1782307200000,-0.037260553129548755,0.037260553129548755,292.02403408163264,0.002108000118275366
SIGNIFICANT_EVENT,1782307800000,-0.03777864634750764,0.03777864634750764,292.4535426530612,0.002029263487090958
SIGNIFICANT_EVENT,1782308400000,-0.03526762950591079,0.03526762950591079,293.82551571428576,0.0019871737136124955
SIGNIFICANT_EVENT,1782394800000,-0.009024602853723973,0.009024602853723973,334.62063693877553,0.004615480390075483
SIGNIFICANT_EVENT,1782395100000,-0.00013556732152234053,0.00013556732152234053,325.08311632653067,0.004406529467296475
SIGNIFICANT_EVENT,1782395400000,0.013501564413005034,0.013501564413005034,307.47183326530615,0.004212050359764028
SIGNIFICANT_EVENT,1782395700000,0.02377484917268218,0.02377484917268218,268.2183836734694,0.0038254900584276364
SIGNIFICANT_EVENT,1782396000000,0.012832567806882978,0.012832567806882978,232.85838571428573,0.003588090066555724
SIGNIFICANT_EVENT,1782397800000,-0.010482669042405269,0.010482669042405269,167.89314714285717,0.0031566660972920236
SIGNIFICANT_EVENT,1782684000000,-0.006480688468204404,0.006480688468204404,55.507410204081644,0.0023419117618514135
SIGNIFICANT_EVENT,1782736500000,-0.0010982002737987718,0.0010982002737987718,133.97757897959184,0.002609029522459677
SIGNIFICANT_EVENT,1782915000000,0.001667110996180066,0.001667110996180066,146.90030040816325,0.002156666785125899
SIGNIFICANT_EVENT,1782919200000,-0.0024647049777936775,0.0024647049777936775,75.87778040816328,0.0016474826173691747
SIGNIFICANT_EVENT,1783289700000,0.001756853662057697,0.001756853662057697,73.84651897959183,0.001441536444307352
SIGNIFICANT_EVENT,1783290000000,0.0009627910145589662,0.0009627910145589662,71.17536693877551,0.001423321009165101
SIGNIFICANT_EVENT,1783290300000,-0.0030757404619950494,0.0030757404619950494,64.13774612244897,0.0013854195086111928
SIGNIFICANT_EVENT,1783338900000,0.016998635167108915,0.016998635167108915,199.61297387755104,0.0030234660831038027
SIGNIFICANT_EVENT,1783339200000,0.02509253470727792,0.02509253470727792,195.99285408163266,0.0028331341355849076
SIGNIFICANT_EVENT,1783353000000,0.005387026652384821,0.005387026652384821,85.3264587755102,0.0017248906945485614
SIGNIFICANT_EVENT,1783784100000,0.002109493406546366,0.002109493406546366,42.59241653061224,0.0009110732879629292
SIGNIFICANT_EVENT,1784032200000,0.02205574107627155,0.02205574107627155,187.78377265306125,0.002192860118271621
SIGNIFICANT_EVENT,1784033100000,0.016131563255186266,0.016131563255186266,155.8184883673469,0.0018943300275778708
SIGNIFICANT_EVENT,1784499300000,-0.0024728342333943374,0.0024728342333943374,43.881516326530615,0.0018224385268186527
SIGNIFICANT_EVENT,1784506200000,-0.004838972623808019,0.004838972623808019,38.232607959183674,0.001757366703122777
SIGNIFICANT_EVENT,1784898300000,-0.00721129026122582,0.00721129026122582,124.26130102040817,0.0016863868998960307
SIGNIFICANT_EVENT,1784901000000,0.0022086457795272877,0.0022086457795272877,103.84223918367347,0.0014784647431723293
SIGNIFICANT_EVENT,1784901300000,0.00038250836327883664,0.00038250836327883664,97.69605632653061,0.0013431952539392467
SIGNIFICANT_EVENT,1785074700000,0.00010666818372530215,0.00010666818372530215,31.494460204081637,0.0004949491486178274
SIGNIFICANT_EVENT,1785103200000,8.317657158446233e-05,8.317657158446233e-05,59.82368857142856,0.0010966080970804943
SIGNIFICANT_EVENT,1785105000000,-0.0038221475658182327,0.0038221475658182327,51.917916734693875,0.0008799875650416983
SIGNIFICANT_EVENT,1785159300000,-0.006051745873438067,0.006051745873438067,66.558683877551,0.0017220575555462541
SIGNIFICANT_EVENT,1785159600000,-0.010175396919665791,0.010175396919665791,63.38551244897959,0.0015376427660940952
SIGNIFICANT_EVENT,1785252000000,-0.0017903868265601328,0.0017903868265601328,44.50292346938776,0.0014483140431417116
SIGNIFICANT_EVENT,1785350100000,-0.003522580440120815,0.003522580440120815,90.94825081632654,0.0016319793860908064
SIGNIFICANT_EVENT,1785459900000,-0.014591506684024156,0.014591506684024156,63.10125918367348,0.0013848674321131507
SIGNIFICANT_EVENT,1785609000000,0.0072605679284985574,0.0072605679284985574,28.247471836734693,0.0007171344107353367
SIGNIFICANT_EVENT,1785636300000,0.0010412657349276279,0.0010412657349276279,41.65846877551021,0.0011311489804409628
SIGNIFICANT_EVENT,1785764100000,0.015363084067559402,0.015363084067559402,116.7303330612245,0.0014972118322306737
SIGNIFICANT_EVENT,1785765000000,0.011296006270880683,0.011296006270880683,111.30950081632653,0.0014648880405629034
SIGNIFICANT_EVENT,1785767100000,0.0013071227131821255,0.0013071227131821255,95.7882369387755,0.0013362816839657826
SIGNIFICANT_EVENT,1785936900000,0.007759838124324621,0.007759838124324621,68.42682612244899,0.0012434763045068536
SIGNIFICANT_EVENT,1786027200000,-0.006022189987981783,0.006022189987981783,41.32529448979592,0.0009951361563315829
SIGNIFICANT_EVENT,1786262400000,-0.00016109559791646297,0.00016109559791646297,18.520968775510205,0.0003676604281726427
SIGNIFICANT_EVENT,1786313400000,-0.004658142231728362,0.004658142231728362,49.154414897959185,0.0011290671245633005
SIGNIFICANT_EVENT,1786313700000,-0.0057877804642810496,0.0057877804642810496,43.12218367346939,0.0011474058640089625
SIGNIFICANT_EVENT,1786314600000,-0.0017808470453333346,0.0017808470453333346,40.87602714285715,0.0011143818181400418
SIGNIFICANT_EVENT,1786314900000,0.00036759439243908677,0.00036759439243908677,39.80258142857143,0.0010776111081601575
SIGNIFICANT_EVENT,1786459800000,-0.00619193152788008,0.00619193152788008,72.6000963265306,0.0009119379663306801
SIGNIFICANT_EVENT,1786462500000,-0.001380737988791624,0.001380737988791624,60.600300204081634,0.0007926822155608751
SIGNIFICANT_EVENT,1786634700000,-0.0032833468102846583,0.0032833468102846583,66.92593836734693,0.0014704250769785384
SIGNIFICANT_EVENT,1786636500000,-0.00018953008679759077,0.00018953008679759077,64.5587481632653,0.0013978137502593207
SIGNIFICANT_EVENT,1786638300000,0.001449461092133525,0.001449461092133525,58.4195512244898,0.0013181999296987016
SIGNIFICANT_EVENT,1786638900000,0.005758992649504478,0.005758992649504478,54.43552448979591,0.0012426476502522888
SIGNIFICANT_EVENT,1786896900000,-0.003119306649493854,0.003119306649493854,16.117059591836735,0.00045616862602271735
SIGNIFICANT_EVENT,1786927200000,0.008453983488551848,0.008453983488551848,50.937961836734694,0.0009283569829484979
SIGNIFICANT_EVENT,1786928400000,0.0061238736030967775,0.0061238736030967775,47.499030204081635,0.0008816187330315685
SIGNIFICANT_EVENT,1786980300000,0.005608102949137319,0.005608102949137319,87.44443591836735,0.001100644896404754
SIGNIFICANT_EVENT,1786986900000,0.0017401114997218298,0.0017401114997218298,64.09135795918368,0.0009699645560739224
SIGNIFICANT_EVENT,1787062800000,0.000892206747863918,0.000892206747863918,60.476377346938776,0.0010710608778606088
SIGNIFICANT_EVENT,1787063100000,-0.003005304863892011,0.003005304863892011,54.44962510204083,0.0009006539591461631
SIGNIFICANT_EVENT,1787151900000,0.028064261064068348,0.028064261064068348,270.81325204081634,0.0031370378357695426
SIGNIFICANT_EVENT,1787152800000,0.01725370623019274,0.01725370623019274,246.98138163265307,0.0030923486447059084
SIGNIFICANT_EVENT,1787153100000,-0.0016092686847588224,0.0016092686847588224,232.86692081632654,0.002927334920417186
SIGNIFICANT_EVENT,1787276700000,-0.004266415472767944,0.004266415472767944,114.05590673469385,0.002268176475670994
SIGNIFICANT_EVENT,1787302800000,-0.007074124815645605,0.007074124815645605,222.97084408163266,0.003884936463830738
SIGNIFICANT_EVENT,1787624100000,-0.00046438162052988365,0.00046438162052988365,133.3638712244898,0.002154701246375465
SIGNIFICANT_EVENT,1787925600000,-0.011697108588454186,0.011697108588454186,161.04349734693878,0.002520889636828873
SIGNIFICANT_EVENT,1787927400000,-0.021644133806429496,0.021644133806429496,128.75110469387755,0.002265313926439136
SIGNIFICANT_EVENT,1787934300000,-0.0002551254022610306,0.0002551254022610306,67.69670653061225,0.0015124943420250956
SIGNIFICANT_EVENT,1788091500000,0.002660769111874667,0.002660769111874667,47.87144040816326,0.0010547041330854223
SIGNIFICANT_EVENT,1788106200000,-0.003285855113492812,0.003285855113492812,32.583540408163266,0.001018863573464718
SIGNIFICANT_EVENT,1788132000000,-0.0028982139713122183,0.0028982139713122183,68.60765469387755,0.0017897117091149727
SIGNIFICANT_EVENT,1788132300000,0.0006825605521454516,0.0006825605521454516,65.12558265306123,0.0016503953135100595
SIGNIFICANT_EVENT,1788356400000,-0.0009401453703817378,0.0009401453703817378,68.76666571428572,0.0019628841485070884
SIGNIFICANT_EVENT,1788446700000,0.008486809357889497,0.008486809357889497,136.3026775510204,0.0021362811176043935
SIGNIFICANT_EVENT,1788447300000,0.00874426148141341,0.00874426148141341,123.25654142857142,0.001867126112150492
SIGNIFICANT_EVENT,1788451200000,0.009669827426661025,0.009669827426661025,79.80607816326531,0.0016117249559511543
SIGNIFICANT_EVENT,1788525000000,-0.0010247699496669428,0.0010247699496669428,176.1757630612245,0.0032008196938893897
SIGNIFICANT_EVENT,1788735600000,-0.003032535527299976,0.003032535527299976,45.98169551020408,0.001357683735613293
SIGNIFICANT_EVENT,1788737700000,-0.009539172265629005,0.009539172265629005,41.02959836734694,0.0013151561948705848
SIGNIFICANT_EVENT,1788874500000,0.009166370798484563,0.009166370798484563,75.93083836734694,0.0010386066546896292
SIGNIFICANT_EVENT,1788967200000,0.006365287339627038,0.006365287339627038,41.65949,0.0015036439776403468
SIGNIFICANT_EVENT,1789130100000,0.00017028889085256464,0.00017028889085256464,167.77836836734693,0.003191069954271978
SIGNIFICANT_EVENT,1789130700000,0.0003432844734088858,0.0003432844734088858,155.7592381632653,0.0030782777086548075
SIGNIFICANT_EVENT,1789134300000,-0.011961692025521598,0.011961692025521598,121.23262918367347,0.002931996049347686
SIGNIFICANT_EVENT,1789134900000,-0.02156114088186951,0.02156114088186951,107.75162653061223,0.0026456424250476188
SIGNIFICANT_EVENT,1789135200000,-0.02996057227163723,0.02996057227163723,103.1037512244898,0.002489195465566537
SIGNIFICANT_EVENT,1789141800000,-0.003347908014855206,0.003347908014855206,71.55994183673471,0.002188963545432858
SIGNIFICANT_EVENT,1789288200000,-0.0015348599407796007,0.0015348599407796007,28.874390612244895,0.0006557609440764159
SIGNIFICANT_EVENT,1789345500000,0.015210474395132446,0.015210474395132446,65.51622387755101,0.0013155839652056471
SIGNIFICANT_EVENT,1789392600000,0.006912219026040512,0.006912219026040512,82.53726204081632,0.0018390453919099594
SIGNIFICANT_EVENT,1789480500000,0.004479711694666932,0.004479711694666932,120.20320265306123,0.0018264410185589764
SIGNIFICANT_EVENT,1789497300000,-0.009398793138539238,0.009398793138539238,115.36088346938773,0.0028334258853503665
SIGNIFICANT_EVENT,1789497600000,-0.002102331410309407,0.002102331410309407,105.74932285714284,0.0027230574640635346
SIGNIFICANT_EVENT,1789497900000,0.0084931838982002,0.0084931838982002,96.34865428571429,0.0025056904341917295
SIGNIFICANT_EVENT,1789498200000,-0.00200769689614033,0.00200769689614033,77.01525408163266,0.0021046630485075076
SIGNIFICANT_EVENT,1789739100000,0.010685169158718498,0.010685169158718498,189.13777102040817,0.0020366435504470494
SIGNIFICANT_EVENT,1789872000000,-0.00228144830012245,0.00228144830012245,71.87546040816328,0.0010576356089707453
SIGNIFICANT_EVENT,1789979700000,0.02107336989056771,0.02107336989056771,232.52059326530613,0.002159968885350188
SIGNIFICANT_EVENT,1789982700000,0.005798322889776884,0.005798322889776884,174.1667506122449,0.0014578605111876248
