event_family,horizon,window_bars,window_type,n_events,ev_mean_abs_ret_pct,ctrl_mean_abs_ret_pct,vol_ratio,ev_jump_rate_pct,ctrl_jump_rate_pct,jump_multiplier,ev_directional_pos_pct,ctrl_directional_pos_pct,mean_signed_ret_bps
ALL,+5m,1,POST,220,0.20895986502296426,0.11596178995538718,1.8019561714870314,5.0,1.3636363636363635,3.66666397777975,47.27272727272727,51.45454545454545,-1.235586494992689
ALL,+15m,3,POST,220,0.37456199051681033,0.20587920490585696,1.819320078334324,3.1818181818181817,0.9090909090909091,3.4999961500042347,51.81818181818182,51.090909090909086,-8.653171986373549
ALL,+30m,6,POST,220,0.5627464449098172,0.2859624331873203,1.9678965196266553,3.6363636363636362,1.090909090909091,3.333330277780578,49.09090909090909,51.63636363636363,-22.39759457980182
ALL,+1h,12,POST,220,0.6419338445304611,0.3837394996490768,1.6728331909649805,5.454545454545454,1.090909090909091,4.999995416670868,50.90909090909091,52.81818181818182,-7.853004902805645
ALL,+4h,48,POST,220,1.4258295366979363,0.802415377805241,1.7769197839628434,4.545454545454546,0.45454545454545453,9.9999780000484,46.81818181818182,52.36363636363637,-17.340090120515566
ALL,+12h,144,POST,220,2.0646080334430748,1.4392783568175658,1.4344734562220027,2.727272727272727,0.45454545454545453,5.99998680002904,53.18181818181819,50.90909090909091,-11.629029414770933
ALL,+24h,288,POST,220,2.782203895002012,2.0943799029508114,1.3284135140279947,1.8181818181818181,0.5454545454545455,3.3333272222334256,47.72727272727273,48.90909090909091,-13.23948528811753
ALL,+48h,576,POST,220,3.6224677247214574,2.8715039526693125,1.261522366992284,1.8181818181818181,0.45454545454545453,3.99999120001936,51.36363636363637,52.27272727272727,26.00098128143627
ALL,-24h,-288,PRE,220,2.211891725831108,2.2748300492704345,0.9723323086083637,1.3636363636363635,1.090909090909091,1.249998854167717,53.63636363636364,51.090909090909086,-9.597517936193142
ALL,-12h,-144,PRE,220,1.5661297115881445,1.5334003076354825,1.0213436650860364,2.272727272727273,0.8181818181818182,2.7777743827201986,53.18181818181819,51.72727272727272,-9.324349458178606
ALL,-4h,-48,PRE,220,0.9842461518844098,0.8461507836784508,1.1632028329546567,2.727272727272727,1.2727272727272727,2.142855459184996,55.45454545454545,52.0,5.87565221743791
ALL,-1h,-12,PRE,220,0.6022650526975528,0.4095484411893384,1.4705551811975743,3.1818181818181817,1.090909090909091,2.916663993058006,52.72727272727272,49.63636363636363,9.126282161521893
ALL,-15m,-3,PRE,220,0.3700068180974467,0.2056510399560374,1.7991886595267603,6.363636363636363,0.8181818181818182,7.777768271616556,47.27272727272727,51.45454545454545,2.1611266139174097
ISOLATED_ONLY,+5m,1,POST,190,0.19821628212167508,0.11596178995538718,1.7093093586135018,4.2105263157894735,1.3636363636363635,3.0877170339197892,47.368421052631575,51.45454545454545,-1.8732605135151128
ISOLATED_ONLY,+15m,3,POST,190,0.3537219160339922,0.20587920490585696,1.7180958033130918,3.1578947368421053,0.9090909090909091,3.4736803894778876,50.0,51.090909090909086,-8.650275469592062
ISOLATED_ONLY,+30m,6,POST,190,0.5515227918817698,0.2859624331873203,1.9286479594070858,3.1578947368421053,1.090909090909091,2.8947341885989233,50.0,51.63636363636363,-21.565598006002496
ISOLATED_ONLY,+1h,12,POST,190,0.6383097969240313,0.3837394996490768,1.663389184899048,5.7894736842105265,1.090909090909091,5.307012679098026,53.1578947368421,52.81818181818182,-4.397688450865563
ISOLATED_ONLY,+4h,48,POST,190,1.3630052192906028,0.802415377805241,1.6986258717932419,4.2105263157894735,0.45454545454545453,9.263137515834307,46.8421052631579,52.36363636363637,-10.645910653975388
ISOLATED_ONLY,+12h,144,POST,190,1.948433793651439,1.4392783568175658,1.353756506283589,2.631578947368421,0.45454545454545453,5.789460947396442,53.68421052631579,50.90909090909091,-1.0207059324274588
ISOLATED_ONLY,+24h,288,POST,190,2.5784170497702688,2.0943799029508114,1.2311118030810393,1.0526315789473684,0.5454545454545455,1.929821023398299,49.473684210526315,48.90909090909091,6.181753772828252
ISOLATED_ONLY,+48h,576,POST,190,3.272330113107947,2.8715039526693125,1.1395871388158438,0.5263157894736842,0.45454545454545453,1.1578921894792884,51.578947368421055,52.27272727272727,43.538599835976584
ISOLATED_ONLY,-24h,-288,PRE,190,2.128341888658435,2.2748300492704345,0.9356043778904017,1.5789473684210527,1.090909090909091,1.4473670942994616,54.21052631578947,51.090909090909086,-13.071857917038239
ISOLATED_ONLY,-12h,-144,PRE,190,1.5033486822168338,1.5334003076354825,0.9804013305134125,2.631578947368421,0.8181818181818182,3.216370337886546,52.63157894736842,51.72727272727272,-19.793418863946144
ISOLATED_ONLY,-4h,-48,PRE,190,0.9486663900447165,0.8461507836784508,1.1211539210147463,3.1578947368421053,1.2727272727272727,2.48120105800368,54.736842105263165,52.0,1.43644569135918
ISOLATED_ONLY,-1h,-12,PRE,190,0.5981133753918643,0.4095484411893384,1.46041799899649,3.684210526315789,1.090909090909091,3.3771898866987438,54.21052631578947,49.63636363636363,9.512259670321187
ISOLATED_ONLY,-15m,-3,PRE,190,0.35960019212770955,0.2056510399560374,1.7485855827376278,6.315789473684211,0.8181818181818182,7.7192888109277105,47.89473684210526,51.45454545454545,2.4387584616695155
MACRO_SCHEDULED,+5m,1,POST,139,0.13466385219627733,0.11596178995538718,1.1612677846754529,1.4388489208633095,1.3636363636363635,1.0551551015193525,48.92086330935252,51.45454545454545,0.48038392435245414
MACRO_SCHEDULED,+15m,3,POST,139,0.19952383223499548,0.20587920490585696,0.9691258677648584,0.0,0.9090909090909091,0.0,52.51798561151079,51.090909090909086,0.04959148024974994
MACRO_SCHEDULED,+30m,6,POST,139,0.2452521557935169,0.2859624331873203,0.8576346739859727,0.0,1.090909090909091,0.0,52.51798561151079,51.63636363636363,-2.0265242972352757
MACRO_SCHEDULED,+1h,12,POST,139,0.3631064874802011,0.3837394996490768,0.9462292560004869,0.0,1.090909090909091,0.0,52.51798561151079,52.81818181818182,-5.572616465245936
MACRO_SCHEDULED,+4h,48,POST,139,1.1753947745536297,0.802415377805241,1.464819022972281,2.158273381294964,0.45454545454545453,4.748190992828738,47.482014388489205,52.36363636363637,-15.219688146824591
MACRO_SCHEDULED,+12h,144,POST,139,1.8430062310767035,1.4392783568175658,1.2805062633232163,2.158273381294964,0.45454545454545453,4.748190992828738,53.23741007194245,50.90909090909091,-9.543537505096653
MACRO_SCHEDULED,+24h,288,POST,139,2.2422331831321194,2.0943799029508114,1.0705947423283872,0.7194244604316548,0.5454545454545455,1.3189424260635858,46.043165467625904,48.90909090909091,1.5903791302570476
MACRO_SCHEDULED,+48h,576,POST,139,3.2485186720869805,2.8715039526693125,1.1312948177460747,2.158273381294964,0.45454545454545453,4.748190992828738,56.11510791366906,52.27272727272727,69.16762653274641
MACRO_SCHEDULED,-24h,-288,PRE,139,1.9173694450450585,2.2748300492704345,0.8428623504413577,0.7194244604316548,1.090909090909091,0.6594718175465174,52.51798561151079,51.090909090909086,-1.4820670334180053
MACRO_SCHEDULED,-12h,-144,PRE,139,1.254897918644387,1.5334003076354825,0.8183754066177561,0.7194244604316548,0.8181818181818182,0.8792954880553148,49.64028776978417,51.72727272727272,-21.89840734486716
MACRO_SCHEDULED,-4h,-48,PRE,139,0.7368810072933452,0.8461507836784508,0.8708614949553424,0.7194244604316548,1.2727272727272727,0.5652616319193036,55.39568345323741,52.0,-2.4067064387038823
MACRO_SCHEDULED,-1h,-12,PRE,139,0.3788941006818133,0.4095484411893384,0.9251486208392777,0.0,1.090909090909091,0.0,50.35971223021583,49.63636363636363,-1.0107529973586884
MACRO_SCHEDULED,-15m,-3,PRE,139,0.23650360814808374,0.2056510399560374,1.1500182940010784,2.158273381294964,0.8181818181818182,2.6378864641659443,46.043165467625904,51.45454545454545,-0.39502196090628755
MONETARY_POLICY,+5m,1,POST,46,0.2739527305260064,0.11596178995538718,2.3624192780408313,4.3478260869565215,1.3636363636363635,3.1884034589389127,45.65217391304348,51.45454545454545,-2.5175519428482818
MONETARY_POLICY,+15m,3,POST,46,0.4589318835728816,0.20587920490585696,2.2291209773311516,6.521739130434782,0.9090909090909091,7.173905152182594,50.0,51.090909090909086,-6.988741570276726
MONETARY_POLICY,+30m,6,POST,46,0.574615815029149,0.2859624331873203,2.0094031206176877,6.521739130434782,1.090909090909091,5.978255389497776,45.65217391304348,51.63636363636363,-7.0282750500268465
MONETARY_POLICY,+1h,12,POST,46,1.1157625851401638,0.3837394996490768,2.9075966340808614,15.217391304347828,1.090909090909091,13.949262575494814,58.69565217391305,52.81818181818182,30.512702578591274
MONETARY_POLICY,+4h,48,POST,46,1.819210222472838,0.802415377805241,2.26716486950169,8.695652173913043,0.45454545454545453,19.130392695744767,52.17391304347826,52.36363636363637,20.92983441973395
MONETARY_POLICY,+12h,144,POST,46,2.1482889766595523,1.4392783568175658,1.492614318744694,0.0,0.45454545454545453,0.0,54.347826086956516,50.90909090909091,31.662068212907528
MONETARY_POLICY,+24h,288,POST,46,2.746210546161161,2.0943799029508114,1.3112278393543289,0.0,0.5454545454545455,0.0,47.82608695652174,48.90909090909091,-24.328963550704763
MONETARY_POLICY,+48h,576,POST,46,3.3688397034661794,2.8715039526693125,1.1731965498908687,0.0,0.45454545454545453,0.0,34.78260869565217,52.27272727272727,-35.883538272654306
MONETARY_POLICY,-24h,-288,PRE,46,1.97250417792125,2.2748300492704345,0.8670991977860754,0.0,1.090909090909091,0.0,65.21739130434783,51.090909090909086,28.253690458544174
MONETARY_POLICY,-12h,-144,PRE,46,1.4637442186138172,1.5334003076354825,0.9545734774877183,0.0,0.8181818181818182,0.0,65.21739130434783,51.72727272727272,35.765363376386055
MONETARY_POLICY,-4h,-48,PRE,46,0.9746673066020544,0.8461507836784508,1.1518823518458023,0.0,1.2727272727272727,0.0,56.52173913043478,52.0,24.204593466689357
MONETARY_POLICY,-1h,-12,PRE,46,0.7438993785734976,0.4095484411893384,1.8163847969446656,4.3478260869565215,1.090909090909091,3.9855035929985174,52.17391304347826,49.63636363636363,23.20125389553758
MONETARY_POLICY,-15m,-3,PRE,46,0.628277390297234,0.2056510399560374,3.055050610884005,15.217391304347828,0.8181818181818182,18.59901108430046,54.347826086956516,51.45454545454545,11.664428219817696
CORPORATE_TREASURY,+5m,1,POST,2,0.13990422034737549,0.11596178995538718,1.2064578680902638,0.0,1.3636363636363635,0.0,50.0,51.45454545454545,-7.92166501978997
CORPORATE_TREASURY,+15m,3,POST,2,0.3220523395888186,0.20587920490585696,1.5642705413863554,0.0,0.9090909090909091,0.0,50.0,51.090909090909086,5.756400597389799
CORPORATE_TREASURY,+30m,6,POST,2,1.62878624782552,0.2859624331873203,5.695785050806073,50.0,1.090909090909091,45.83329131948295,50.0,51.63636363636363,126.57467982006843
CORPORATE_TREASURY,+1h,12,POST,2,1.4403189349670775,0.3837394996490768,3.7533670182954917,50.0,1.090909090909091,45.83329131948295,50.0,52.81818181818182,103.01957773202197
CORPORATE_TREASURY,+4h,48,POST,2,0.9156898419339754,0.802415377805241,1.1411654438541727,0.0,0.45454545454545453,0.0,50.0,52.36363636363637,28.216601912269823
CORPORATE_TREASURY,+12h,144,POST,2,4.776085732505475,1.4392783568175658,3.318386878740499,50.0,0.45454545454545453,109.99975800053241,100.0,50.90909090909091,477.6085732505475
CORPORATE_TREASURY,+24h,288,POST,2,4.0738805559818125,2.0943799029508114,1.945147871737203,0.0,0.5454545454545455,0.0,100.0,48.90909090909091,407.38805559818127
CORPORATE_TREASURY,+48h,576,POST,2,4.675651506408762,2.8715039526693125,1.6282930322172486,0.0,0.45454545454545453,0.0,100.0,52.27272727272727,467.56515064087625
CORPORATE_TREASURY,-24h,-288,PRE,2,6.715650204745938,2.2748300492704345,2.9521533948201237,0.0,1.090909090909091,0.0,50.0,51.090909090909086,212.1925131560243
CORPORATE_TREASURY,-12h,-144,PRE,2,4.726795676122286,1.5334003076354825,3.0825561792503255,50.0,0.8181818181818182,61.111036419844375,50.0,51.72727272727272,450.46661673957544
CORPORATE_TREASURY,-4h,-48,PRE,2,4.001654136738697,0.8461507836784508,4.729239143528628,50.0,1.2727272727272727,39.2856834183916,100.0,52.0,400.1654136738697
CORPORATE_TREASURY,-1h,-12,PRE,2,3.545500517836686,0.4095484411893384,8.657075706270026,50.0,1.090909090909091,45.83329131948295,100.0,49.63636363636363,354.5500517836686
CORPORATE_TREASURY,-15m,-3,PRE,2,1.9478072304259797,0.2056510399560374,9.471373251840175,50.0,0.8181818181818182,61.111036419844375,50.0,51.45454545454545,178.95285885838774
REGULATORY,+5m,1,POST,3,1.812861287369986,0.11596178995538718,15.633129282827914,66.66666666666666,1.3636363636363635,48.88885303706333,33.33333333333333,51.45454545454545,-56.921005991264664
REGULATORY,+15m,3,POST,3,4.977071426721716,0.20587920490585696,24.17459915098485,33.33333333333333,0.9090909090909091,36.6666263333777,33.33333333333333,51.090909090909086,-419.7757122396931
REGULATORY,+30m,6,POST,3,7.980487699515966,0.2859624331873203,27.90737126969779,33.33333333333333,1.090909090909091,30.55552754632197,33.33333333333333,51.63636363636363,-715.4615344200721
REGULATORY,+1h,12,POST,3,2.097386346748209,0.3837394996490768,5.465637191451588,33.33333333333333,1.090909090909091,30.55552754632197,66.66666666666666,52.81818181818182,-127.08195018646506
REGULATORY,+4h,48,POST,3,2.669216435227047,0.802415377805241,3.3264730245509866,0.0,0.45454545454545453,0.0,100.0,52.36363636363637,266.9216435227047
REGULATORY,+12h,144,POST,3,2.1098102921529955,1.4392783568175658,1.465879630774432,0.0,0.45454545454545453,0.0,66.66666666666666,50.90909090909091,-30.596268637950175
REGULATORY,+24h,288,POST,3,7.671163196875419,2.0943799029508114,3.662735458515391,0.0,0.5454545454545455,0.0,100.0,48.90909090909091,767.1163196875419
REGULATORY,+48h,576,POST,3,7.352288584181643,2.8715039526693125,2.5604304033489664,0.0,0.45454545454545453,0.0,66.66666666666666,52.27272727272727,729.0547316046474
REGULATORY,-24h,-288,PRE,3,7.362615509386987,2.2748300492704345,3.236554869315796,33.33333333333333,1.090909090909091,30.55552754632197,66.66666666666666,51.090909090909086,-341.73836431055685
REGULATORY,-12h,-144,PRE,3,6.091416101420441,1.5334003076354825,3.9724865702726273,33.33333333333333,0.8181818181818182,40.740690946562914,66.66666666666666,51.72727272727272,-236.099838020903
REGULATORY,-4h,-48,PRE,3,3.5631113213356733,0.8461507836784508,4.210960007489276,33.33333333333333,1.2727272727272727,26.190455612261065,33.33333333333333,52.0,-119.24405121111667
REGULATORY,-1h,-12,PRE,3,1.3501279833563493,0.4095484411893384,3.2966178135551965,0.0,1.090909090909091,0.0,66.66666666666666,49.63636363636363,-21.07668414952949
REGULATORY,-15m,-3,PRE,3,1.1694487743476145,0.2056510399560374,5.686541084628237,66.66666666666666,0.8181818181818182,81.48138189312583,66.66666666666666,51.45454545454545,-9.183866026383214
GEOPOLITICAL,+5m,1,POST,4,0.4110194034402159,0.11596178995538718,3.5444076811047918,25.0,1.3636363636363635,18.33331988889875,50.0,51.45454545454545,-27.97114660180622
GEOPOLITICAL,+15m,3,POST,4,0.9807667237245354,0.20587920490585696,4.76377378861174,25.0,0.9090909090909091,27.499969750033276,75.0,51.090909090909086,-5.56400685148617
GEOPOLITICAL,+30m,6,POST,4,4.191110956846789,0.2859624331873203,14.656107986021423,25.0,1.090909090909091,22.916645659741476,50.0,51.63636363636363,-373.69380347184847
GEOPOLITICAL,+1h,12,POST,4,1.7169809253202661,0.3837394996490768,4.474328164190154,25.0,1.090909090909091,22.916645659741476,25.0,52.81818181818182,-161.13940869189048
GEOPOLITICAL,+4h,48,POST,4,2.678186075407707,0.802415377805241,3.3376513110724972,25.0,0.45454545454545453,54.999879000266205,25.0,52.36363636363637,-183.51745255130947
GEOPOLITICAL,+12h,144,POST,4,2.3424862549815906,1.4392783568175658,1.6275410634396459,0.0,0.45454545454545453,0.0,75.0,50.90909090909091,-73.69516262166087
GEOPOLITICAL,+24h,288,POST,4,4.46489874163456,2.0943799029508114,2.1318465687611465,0.0,0.5454545454545455,0.0,25.0,48.90909090909091,26.83708382296146
GEOPOLITICAL,+48h,576,POST,4,5.193447623043657,2.8715039526693125,1.8086152413618153,0.0,0.45454545454545453,0.0,75.0,52.27272727272727,202.15275553099764
GEOPOLITICAL,-24h,-288,PRE,4,5.245048607276459,2.2748300492704345,2.305687101008494,0.0,1.090909090909091,0.0,25.0,51.090909090909086,-99.98867709291481
GEOPOLITICAL,-12h,-144,PRE,4,6.588698084769717,1.5334003076354825,4.296786530676398,25.0,0.8181818181818182,30.555518209922187,25.0,51.72727272727272,-339.14485828642427
GEOPOLITICAL,-4h,-48,PRE,4,3.591718969285873,0.8461507836784508,4.2447691283846245,25.0,1.2727272727272727,19.6428417091958,25.0,52.0,-121.37539955959565
GEOPOLITICAL,-1h,-12,PRE,4,2.1019091331830886,0.4095484411893384,5.132247591595069,25.0,1.090909090909091,22.916645659741476,25.0,49.63636363636363,-161.99731385373894
GEOPOLITICAL,-15m,-3,PRE,4,0.4279279351493859,0.2056510399560374,2.0808348667042873,0.0,0.8181818181818182,0.0,0.0,51.45454545454545,-42.79279351493859
CRYPTO_MARKET_STRUCTURE,+5m,1,POST,2,0.3979399467369582,0.11596178995538718,3.4316175636171944,50.0,1.3636363636363635,36.6666397777975,50.0,51.45454545454545,36.11041176987406
CRYPTO_MARKET_STRUCTURE,+15m,3,POST,2,0.3729642251974141,0.20587920490585696,1.8115594229564704,0.0,0.9090909090909091,0.0,100.0,51.090909090909086,37.29642251974141
CRYPTO_MARKET_STRUCTURE,+30m,6,POST,2,0.1879693753222611,0.2859624331873203,0.657319620299606,0.0,1.090909090909091,0.0,100.0,51.63636363636363,18.79693753222611
CRYPTO_MARKET_STRUCTURE,+1h,12,POST,2,0.30341229213197707,0.3837394996490768,0.7906704984473666,0.0,1.090909090909091,0.0,100.0,52.81818181818182,30.341229213197707
CRYPTO_MARKET_STRUCTURE,+4h,48,POST,2,0.5566690780676176,0.802415377805241,0.6937409223752532,0.0,0.45454545454545453,0.0,50.0,52.36363636363637,-0.8870880917388746
CRYPTO_MARKET_STRUCTURE,+12h,144,POST,2,0.8480663511022613,1.4392783568175658,0.5892298441474534,0.0,0.45454545454545453,0.0,50.0,50.90909090909091,-49.31370499239307
CRYPTO_MARKET_STRUCTURE,+24h,288,POST,2,2.010147196080858,2.0943799029508114,0.9597810948565875,0.0,0.5454545454545455,0.0,100.0,48.90909090909091,201.0147196080858
CRYPTO_MARKET_STRUCTURE,+48h,576,POST,2,3.953167723037687,2.8715039526693125,1.3766884571669902,0.0,0.45454545454545453,0.0,50.0,52.27272727272727,-147.3386205012872
CRYPTO_MARKET_STRUCTURE,-24h,-288,PRE,2,1.06338989428707,2.2748300492704345,0.4674588447472228,0.0,1.090909090909091,0.0,100.0,51.090909090909086,106.33898942870701
CRYPTO_MARKET_STRUCTURE,-12h,-144,PRE,2,1.4217508753365138,1.5334003076354825,0.9271877285202432,0.0,0.8181818181818182,0.0,50.0,51.72727272727272,-134.19046956798297
CRYPTO_MARKET_STRUCTURE,-4h,-48,PRE,2,0.6752305156043192,0.8461507836784508,0.7980016453654561,0.0,1.2727272727272727,0.0,0.0,52.0,-67.52305156043192
CRYPTO_MARKET_STRUCTURE,-1h,-12,PRE,2,0.14444726608235925,0.4095484411893384,0.3526979933433238,0.0,1.090909090909091,0.0,0.0,49.63636363636363,-14.444726608235925
CRYPTO_MARKET_STRUCTURE,-15m,-3,PRE,2,0.35160060016794503,0.2056510399560374,1.7096869072784657,0.0,0.8181818181818182,0.0,0.0,51.45454545454545,-35.1600600167945
STABLECOIN,+5m,1,POST,3,0.48816491444950333,0.11596178995538718,4.209668589702856,33.33333333333333,1.3636363636363635,24.444426518531664,33.33333333333333,51.45454545454545,26.58079827283425
STABLECOIN,+15m,3,POST,3,0.17873031768012027,0.20587920490585696,0.8681277433245632,0.0,0.9090909090909091,0.0,33.33333333333333,51.090909090909086,1.1271866625032583
STABLECOIN,+30m,6,POST,3,0.3180816393188124,0.2859624331873203,1.1123157802852826,0.0,1.090909090909091,0.0,33.33333333333333,51.63636363636363,-10.530044017951212
STABLECOIN,+1h,12,POST,3,0.691490236048568,0.3837394996490768,1.8019735646378796,0.0,1.090909090909091,0.0,33.33333333333333,52.81818181818182,-57.216090129355024
STABLECOIN,+4h,48,POST,3,1.2540886976794972,0.802415377805241,1.562890205593341,0.0,0.45454545454545453,0.0,0.0,52.36363636363637,-125.40886976794971
STABLECOIN,+12h,144,POST,3,4.461634478627552,1.4392783568175658,3.099908615720583,0.0,0.45454545454545453,0.0,0.0,50.90909090909091,-446.1634478627552
STABLECOIN,+24h,288,POST,3,7.482590385840204,2.0943799029508114,3.5726979630581264,33.33333333333333,0.5454545454545455,61.11099907427947,0.0,48.90909090909091,-748.2590385840205
STABLECOIN,+48h,576,POST,3,7.647089284935582,2.8715039526693125,2.6630945831477497,0.0,0.45454545454545453,0.0,33.33333333333333,52.27272727272727,-200.20654370622876
STABLECOIN,-24h,-288,PRE,3,2.157333535634069,2.2748300492704345,0.9483489054389121,0.0,1.090909090909091,0.0,66.66666666666666,51.090909090909086,-22.45016041132549
STABLECOIN,-12h,-144,PRE,3,1.9593522475619334,1.5334003076354825,1.277781776893924,0.0,0.8181818181818182,0.0,66.66666666666666,51.72727272727272,181.9430893507601
STABLECOIN,-4h,-48,PRE,3,1.1150480937325589,0.8461507836784508,1.3177873228431227,0.0,1.2727272727272727,0.0,100.0,52.0,111.50480937325588
STABLECOIN,-1h,-12,PRE,3,0.8824056816151801,0.4095484411893384,2.1545766954354995,0.0,1.090909090909091,0.0,100.0,49.63636363636363,88.24056816151801
STABLECOIN,-15m,-3,PRE,3,0.23585705558654504,0.2056510399560374,1.1468743788632714,0.0,0.8181818181818182,0.0,33.33333333333333,51.45454545454545,-6.085983459260072
EXCHANGE_SECURITY,+5m,1,POST,6,0.37253060004006266,0.11596178995538718,3.212501184072765,16.666666666666664,1.3636363636363635,12.222213259265832,16.666666666666664,51.45454545454545,-22.34000990490278
EXCHANGE_SECURITY,+15m,3,POST,6,1.4311067088797222,0.20587920490585696,6.951162252505654,33.33333333333333,0.9090909090909091,36.6666263333777,33.33333333333333,51.090909090909086,-76.30713130577504
EXCHANGE_SECURITY,+30m,6,POST,6,1.4695821066069925,0.2859624331873203,5.139056033238848,16.666666666666664,1.090909090909091,15.277763773160984,33.33333333333333,51.63636363636363,-75.59468775464022
EXCHANGE_SECURITY,+1h,12,POST,6,1.6482287784999272,0.3837394996490768,4.295165039935061,33.33333333333333,1.090909090909091,30.55552754632197,16.666666666666664,52.81818181818182,-163.04567028472644
EXCHANGE_SECURITY,+4h,48,POST,6,3.3128048309537896,0.802415377805241,4.128535910514353,33.33333333333333,0.45454545454545453,73.33317200035493,33.33333333333333,52.36363636363637,-282.10919227336245
EXCHANGE_SECURITY,+12h,144,POST,6,5.237497288267404,1.4392783568175658,3.638972005996246,33.33333333333333,0.45454545454545453,73.33317200035493,33.33333333333333,50.90909090909091,-334.4451405716035
EXCHANGE_SECURITY,+24h,288,POST,6,9.50409228454377,2.0943799029508114,4.537900565820324,33.33333333333333,0.5454545454545455,61.11099907427947,33.33333333333333,48.90909090909091,-592.3419028021352
EXCHANGE_SECURITY,+48h,576,POST,6,7.961435430745922,2.8715039526693125,2.7725654532983057,16.666666666666664,0.45454545454545453,36.66658600017747,33.33333333333333,52.27272727272727,-612.2226967653669
EXCHANGE_SECURITY,-24h,-288,PRE,6,5.118890550857161,2.2748300492704345,2.250228891723124,16.666666666666664,1.090909090909091,15.277763773160984,0.0,51.090909090909086,-511.88905508571617
EXCHANGE_SECURITY,-12h,-144,PRE,6,2.723406265008954,1.5334003076354825,1.7760557862106359,16.666666666666664,0.8181818181818182,20.370345473281457,33.33333333333333,51.72727272727272,-178.93057760584696
EXCHANGE_SECURITY,-4h,-48,PRE,6,2.29861238593303,0.8461507836784508,2.716548532156181,16.666666666666664,1.2727272727272727,13.095227806130532,33.33333333333333,52.0,-105.93951525865286
EXCHANGE_SECURITY,-1h,-12,PRE,6,1.7053058535787535,0.4095484411893384,4.163858333261344,33.33333333333333,1.090909090909091,30.55552754632197,50.0,49.63636363636363,-3.143561620975177
EXCHANGE_SECURITY,-15m,-3,PRE,6,0.5255180766688738,0.2056510399560374,2.5553749760090625,0.0,0.8181818181818182,0.0,16.666666666666664,51.45454545454545,-50.99784961428118
LEGAL_ENFORCEMENT,+5m,1,POST,4,0.16160598044683283,0.11596178995538718,1.3936020382831884,0.0,1.3636363636363635,0.0,50.0,51.45454545454545,5.051257278223531
LEGAL_ENFORCEMENT,+15m,3,POST,4,0.1453949532233878,0.20587920490585696,0.7062114266394514,0.0,0.9090909090909091,0.0,50.0,51.090909090909086,-3.1349265365232526
LEGAL_ENFORCEMENT,+30m,6,POST,4,0.937812349664835,0.2859624331873203,3.279483461266606,25.0,1.090909090909091,22.916645659741476,25.0,51.63636363636363,-93.51892828057373
LEGAL_ENFORCEMENT,+1h,12,POST,4,0.7961860162484236,0.3837394996490768,2.0748031989756623,0.0,1.090909090909091,0.0,0.0,52.81818181818182,-79.61860162484236
LEGAL_ENFORCEMENT,+4h,48,POST,4,2.1916154318366576,0.802415377805241,2.7312695658470183,0.0,0.45454545454545453,0.0,25.0,52.36363636363637,-95.99045225461734
LEGAL_ENFORCEMENT,+12h,144,POST,4,2.9505568827586703,1.4392783568175658,2.0500237627827413,0.0,0.45454545454545453,0.0,50.0,50.90909090909091,86.32511745358951
LEGAL_ENFORCEMENT,+24h,288,POST,4,2.7393238317147794,2.0943799029508114,1.3079396531238878,0.0,0.5454545454545455,0.0,75.0,48.90909090909091,188.43311468973224
LEGAL_ENFORCEMENT,+48h,576,POST,4,2.089886876345126,2.8715039526693125,0.7278019403735994,0.0,0.45454545454545453,0.0,100.0,52.27272727272727,208.98868763451262
LEGAL_ENFORCEMENT,-24h,-288,PRE,4,2.3392026979389247,2.2748300492704345,1.0282973316586015,0.0,1.090909090909091,0.0,25.0,51.090909090909086,-200.62418455311092
LEGAL_ENFORCEMENT,-12h,-144,PRE,4,1.1852495138106267,1.5334003076354825,0.7729545474552199,0.0,0.8181818181818182,0.0,25.0,51.72727272727272,-51.759610631578745
LEGAL_ENFORCEMENT,-4h,-48,PRE,4,0.8291828275127866,0.8461507836784508,0.9799457301952428,0.0,1.2727272727272727,0.0,50.0,52.0,-16.04586134516861
LEGAL_ENFORCEMENT,-1h,-12,PRE,4,0.5809784842234045,0.4095484411893384,1.4185796042993815,0.0,1.090909090909091,0.0,25.0,49.63636363636363,-41.583892572143455
LEGAL_ENFORCEMENT,-15m,-3,PRE,4,0.40139462253936387,0.2056510399560374,1.9518144465047402,0.0,0.8181818181818182,0.0,50.0,51.45454545454545,-27.66924113076108
EXCHANGE_OPERATIONAL,+5m,1,POST,2,0.05501928067008777,0.11596178995538718,0.47445633803097187,0.0,1.3636363636363635,0.0,50.0,51.45454545454545,-4.3468921203349
EXCHANGE_OPERATIONAL,+15m,3,POST,2,0.08281630966679998,0.20587920490585696,0.4022548438042865,0.0,0.9090909090909091,0.0,100.0,51.090909090909086,8.281630966679998
EXCHANGE_OPERATIONAL,+30m,6,POST,2,0.46436063109940307,0.2859624331873203,1.6238461887370885,0.0,1.090909090909091,0.0,50.0,51.63636363636363,16.121942842559633
EXCHANGE_OPERATIONAL,+1h,12,POST,2,0.4183960495310224,0.3837394996490768,1.0903098576085595,0.0,1.090909090909091,0.0,50.0,52.81818181818182,7.967238822486067
EXCHANGE_OPERATIONAL,+4h,48,POST,2,1.0572486681198257,0.802415377805241,1.3175811179372967,0.0,0.45454545454545453,0.0,50.0,52.36363636363637,-78.41195535574386
EXCHANGE_OPERATIONAL,+12h,144,POST,2,3.108827348563903,1.4392783568175658,2.1599888401358895,0.0,0.45454545454545453,0.0,50.0,50.90909090909091,123.50636171194473
EXCHANGE_OPERATIONAL,+24h,288,POST,2,7.450300772433405,2.0943799029508114,3.557280703780549,0.0,0.5454545454545455,0.0,50.0,48.90909090909091,-121.57411427605957
EXCHANGE_OPERATIONAL,+48h,576,POST,2,8.003457652862433,2.8715039526693125,2.7871996687390443,0.0,0.45454545454545453,0.0,50.0,52.27272727272727,-218.13155087678558
EXCHANGE_OPERATIONAL,-24h,-288,PRE,2,0.08447396272117658,2.2748300492704345,0.0371341699192423,0.0,1.090909090909091,0.0,50.0,51.090909090909086,4.3802021346195374
EXCHANGE_OPERATIONAL,-12h,-144,PRE,2,0.6805888671641114,1.5334003076354825,0.44384262865510726,0.0,0.8181818181818182,0.0,100.0,51.72727272727272,68.05888671641114
EXCHANGE_OPERATIONAL,-4h,-48,PRE,2,0.09697248225268851,0.8461507836784508,0.11460412200648315,0.0,1.2727272727272727,0.0,50.0,52.0,-6.162637743276633
EXCHANGE_OPERATIONAL,-1h,-12,PRE,2,0.24343108514113254,0.4095484411893384,0.5943875406939993,0.0,1.090909090909091,0.0,100.0,49.63636363636363,24.343108514113254
EXCHANGE_OPERATIONAL,-15m,-3,PRE,2,0.09904320569020797,0.2056510399560374,0.48160575363794406,0.0,0.8181818181818182,0.0,50.0,51.45454545454545,5.488726612359329
ETF_REGULATORY,+5m,1,POST,6,0.3087235270585964,0.11596178995538718,2.6622637069819337,16.666666666666664,1.3636363636363635,12.222213259265832,66.66666666666666,51.45454545454545,8.505258611085273
ETF_REGULATORY,+15m,3,POST,6,0.45812401410284903,0.20587920490585696,2.225196998965179,0.0,0.9090909090909091,0.0,66.66666666666666,51.090909090909086,21.06531758578889
ETF_REGULATORY,+30m,6,POST,6,0.47899123414737826,0.2859624331873203,1.6750086848818015,0.0,1.090909090909091,0.0,50.0,51.63636363636363,2.766680719548849
ETF_REGULATORY,+1h,12,POST,6,0.7906496957092557,0.3837394996490768,2.060375947892624,0.0,1.090909090909091,0.0,50.0,52.81818181818182,10.011100759440932
ETF_REGULATORY,+4h,48,POST,6,1.448960832851546,0.802415377805241,1.8057468328534436,0.0,0.45454545454545453,0.0,50.0,52.36363636363637,0.04335604406158211
ETF_REGULATORY,+12h,144,POST,6,1.295908760917778,1.4392783568175658,0.9003872353058694,0.0,0.45454545454545453,0.0,50.0,50.90909090909091,-58.26678022964771
ETF_REGULATORY,+24h,288,POST,6,2.086026307854401,2.0943799029508114,0.9960109476339096,0.0,0.5454545454545455,0.0,66.66666666666666,48.90909090909091,-23.88932515043981
ETF_REGULATORY,+48h,576,POST,6,4.443768569492601,2.8715039526693125,1.547539928622353,0.0,0.45454545454545453,0.0,33.33333333333333,52.27272727272727,-291.1426208737596
ETF_REGULATORY,-24h,-288,PRE,6,3.537114172118372,2.2748300492704345,1.5548909327805978,0.0,1.090909090909091,0.0,50.0,51.090909090909086,216.7593199646352
ETF_REGULATORY,-12h,-144,PRE,6,2.605790071600407,1.5334003076354825,1.6993529734356083,0.0,0.8181818181818182,0.0,83.33333333333334,51.72727272727272,223.33517254393104
ETF_REGULATORY,-4h,-48,PRE,6,2.099562646685153,0.8461507836784508,2.4813073578333498,16.666666666666664,1.2727272727272727,13.095227806130532,66.66666666666666,52.0,151.25500921876997
ETF_REGULATORY,-1h,-12,PRE,6,1.5050654110615014,0.4095484411893384,3.674929714690286,16.666666666666664,1.090909090909091,15.277763773160984,83.33333333333334,49.63636363636363,146.39406660110765
ETF_REGULATORY,-15m,-3,PRE,6,0.6361721368757678,0.2056510399560374,3.093439467032583,16.666666666666664,0.8181818181818182,20.370345473281457,66.66666666666666,51.45454545454545,49.37086687581231
INSTITUTIONAL,+5m,1,POST,2,0.05798442676478999,0.11596178995538718,0.5000261444821874,0.0,1.3636363636363635,0.0,0.0,51.45454545454545,-5.798442676478999
INSTITUTIONAL,+15m,3,POST,2,0.16642644828914754,0.20587920490585696,0.8083654684783782,0.0,0.9090909090909091,0.0,0.0,51.090909090909086,-16.642644828914754
INSTITUTIONAL,+30m,6,POST,2,0.2981166445824357,0.2859624331873203,1.0424991799114205,0.0,1.090909090909091,0.0,0.0,51.63636363636363,-29.81166445824357
INSTITUTIONAL,+1h,12,POST,2,0.44151906604952273,0.3837394996490768,1.1505667670034394,0.0,1.090909090909091,0.0,0.0,52.81818181818182,-44.15190660495227
INSTITUTIONAL,+4h,48,POST,2,0.7152550769365718,0.802415377805241,0.891376468278138,0.0,0.45454545454545453,0.0,0.0,52.36363636363637,-71.52550769365718
INSTITUTIONAL,+12h,144,POST,2,0.27577282019652927,1.4392783568175658,0.19160479089083782,0.0,0.45454545454545453,0.0,100.0,50.90909090909091,27.577282019652927
INSTITUTIONAL,+24h,288,POST,2,0.5687547876465082,2.0943799029508114,0.27156224870327034,0.0,0.5454545454545455,0.0,50.0,48.90909090909091,-1.0833602604254366
INSTITUTIONAL,+48h,576,POST,2,2.828769404689968,2.8715039526693125,0.9851173692249362,0.0,0.45454545454545453,0.0,50.0,52.27272727272727,18.094556621610636
INSTITUTIONAL,-24h,-288,PRE,2,1.164281765797437,2.2748300492704345,0.5118102138489959,0.0,1.090909090909091,0.0,50.0,51.090909090909086,83.5197018974565
INSTITUTIONAL,-12h,-144,PRE,2,0.38022310310044105,1.5334003076354825,0.24796059662082082,0.0,0.8181818181818182,0.0,0.0,51.72727272727272,-38.022310310044105
INSTITUTIONAL,-4h,-48,PRE,2,0.5221479603839008,0.8461507836784508,0.6170854573088321,0.0,1.2727272727272727,0.0,100.0,52.0,52.21479603839008
INSTITUTIONAL,-1h,-12,PRE,2,0.38348151261056174,0.4095484411893384,0.9363497395990215,0.0,1.090909090909091,0.0,100.0,49.63636363636363,38.348151261056174
INSTITUTIONAL,-15m,-3,PRE,2,0.12764538943166315,0.2056510399560374,0.6206862302895226,0.0,0.8181818181818182,0.0,100.0,51.45454545454545,12.764538943166315
