event_bar_idx,event_datetime,control_bar_idx,control_datetime,session,rv_quintile
1302,2021-01-05 12:30:00+00:00,32021,2021-04-22 09:40:00+00:00,0.0,4
1302,2021-01-05 12:30:00+00:00,543907,2026-03-05 07:20:00+00:00,0.0,4
1302,2021-01-05 12:30:00+00:00,13105,2021-02-15 13:20:00+00:00,0.0,4
1302,2021-01-05 12:30:00+00:00,43375,2021-06-01 00:30:00+00:00,0.0,4
1302,2021-01-05 12:30:00+00:00,13306,2021-02-16 06:05:00+00:00,0.0,4
3318,2021-01-12 12:30:00+00:00,448527,2025-04-08 03:00:00+00:00,0.0,4
3318,2021-01-12 12:30:00+00:00,163387,2022-07-23 00:00:00+00:00,0.0,4
3318,2021-01-12 12:30:00+00:00,3753,2021-01-14 00:45:00+00:00,0.0,4
3318,2021-01-12 12:30:00+00:00,12697,2021-02-14 03:20:00+00:00,0.0,4
3318,2021-01-12 12:30:00+00:00,336446,2024-03-14 22:55:00+00:00,0.0,4
7716,2021-01-27 19:00:00+00:00,448879,2025-04-09 08:20:00+00:00,0.0,4
7716,2021-01-27 19:00:00+00:00,165342,2022-07-29 18:55:00+00:00,0.0,4
7716,2021-01-27 19:00:00+00:00,223735,2023-02-17 13:00:00+00:00,0.0,4
7716,2021-01-27 19:00:00+00:00,195483,2022-11-11 10:40:00+00:00,0.0,4
7716,2021-01-27 19:00:00+00:00,38797,2021-05-16 03:00:00+00:00,0.0,4
10230,2021-02-05 12:30:00+00:00,39683,2021-05-19 04:50:00+00:00,0.0,4
10230,2021-02-05 12:30:00+00:00,426480,2025-01-21 13:45:00+00:00,0.0,4
10230,2021-02-05 12:30:00+00:00,153485,2022-06-18 14:50:00+00:00,0.0,4
10230,2021-02-05 12:30:00+00:00,68237,2021-08-26 12:50:00+00:00,0.0,4
10230,2021-02-05 12:30:00+00:00,39374,2021-05-18 03:05:00+00:00,0.0,4
11100,2021-02-08 13:00:00+00:00,47133,2021-06-14 01:40:00+00:00,0.0,4
11100,2021-02-08 13:00:00+00:00,317803,2024-01-10 05:20:00+00:00,0.0,4
11100,2021-02-08 13:00:00+00:00,230927,2023-03-14 12:20:00+00:00,0.0,4
11100,2021-02-08 13:00:00+00:00,18835,2021-03-07 12:20:00+00:00,0.0,4
11100,2021-02-08 13:00:00+00:00,44658,2021-06-05 11:25:00+00:00,0.0,4
12231,2021-02-12 12:30:00+00:00,181225,2022-09-22 22:30:00+00:00,0.0,4
12231,2021-02-12 12:30:00+00:00,47183,2021-06-14 05:50:00+00:00,0.0,4
12231,2021-02-12 12:30:00+00:00,99851,2021-12-14 09:20:00+00:00,0.0,4
12231,2021-02-12 12:30:00+00:00,45601,2021-06-08 18:00:00+00:00,0.0,4
12231,2021-02-12 12:30:00+00:00,19775,2021-03-10 18:40:00+00:00,0.0,4
18279,2021-03-05 12:30:00+00:00,77325,2021-09-27 02:10:00+00:00,0.0,4
18279,2021-03-05 12:30:00+00:00,111457,2022-01-23 16:30:00+00:00,0.0,4
18279,2021-03-05 12:30:00+00:00,3833,2021-01-14 07:25:00+00:00,0.0,4
18279,2021-03-05 12:30:00+00:00,92469,2021-11-18 18:10:00+00:00,0.0,4
18279,2021-03-05 12:30:00+00:00,407010,2024-11-14 23:15:00+00:00,0.0,4
20277,2021-03-12 12:30:00+00:00,437635,2025-03-01 07:20:00+00:00,0.0,4
20277,2021-03-12 12:30:00+00:00,36047,2021-05-06 13:50:00+00:00,0.0,4
20277,2021-03-12 12:30:00+00:00,447222,2025-04-03 14:15:00+00:00,0.0,4
20277,2021-03-12 12:30:00+00:00,438522,2025-03-04 09:15:00+00:00,0.0,4
20277,2021-03-12 12:30:00+00:00,51828,2021-06-30 08:55:00+00:00,0.0,4
21783,2021-03-17 18:00:00+00:00,449105,2025-04-10 03:10:00+00:00,0.0,4
21783,2021-03-17 18:00:00+00:00,33098,2021-04-26 08:05:00+00:00,0.0,4
21783,2021-03-17 18:00:00+00:00,61698,2021-08-03 15:25:00+00:00,0.0,4
21783,2021-03-17 18:00:00+00:00,107872,2022-01-11 05:45:00+00:00,0.0,4
21783,2021-03-17 18:00:00+00:00,5901,2021-01-21 11:45:00+00:00,0.0,4
27189,2021-04-05 12:30:00+00:00,519959,2025-12-12 03:40:00+00:00,0.0,2
27189,2021-04-05 12:30:00+00:00,354010,2024-05-14 22:35:00+00:00,0.0,2
27189,2021-04-05 12:30:00+00:00,308002,2023-12-07 04:35:00+00:00,0.0,2
27189,2021-04-05 12:30:00+00:00,89088,2021-11-07 00:25:00+00:00,0.0,2
27189,2021-04-05 12:30:00+00:00,352710,2024-05-10 10:15:00+00:00,0.0,2
29205,2021-04-12 12:30:00+00:00,119684,2022-02-21 06:05:00+00:00,0.0,3
29205,2021-04-12 12:30:00+00:00,309490,2023-12-12 08:35:00+00:00,0.0,3
29205,2021-04-12 12:30:00+00:00,409099,2024-11-22 05:20:00+00:00,0.0,3
29205,2021-04-12 12:30:00+00:00,156081,2022-06-27 15:10:00+00:00,0.0,3
29205,2021-04-12 12:30:00+00:00,138772,2022-04-28 12:45:00+00:00,0.0,3
33793,2021-04-28 18:00:00+00:00,508994,2025-11-04 01:55:00+00:00,0.0,3
33793,2021-04-28 18:00:00+00:00,28894,2021-04-11 10:35:00+00:00,0.0,3
33793,2021-04-28 18:00:00+00:00,61507,2021-08-02 23:30:00+00:00,0.0,3
33793,2021-04-28 18:00:00+00:00,22538,2021-03-20 08:55:00+00:00,0.0,3
33793,2021-04-28 18:00:00+00:00,381158,2024-08-17 04:55:00+00:00,0.0,3
35743,2021-05-05 12:30:00+00:00,13534,2021-02-17 01:05:00+00:00,0.0,4
35743,2021-05-05 12:30:00+00:00,36722,2021-05-08 22:05:00+00:00,0.0,4
35743,2021-05-05 12:30:00+00:00,122896,2022-03-04 09:45:00+00:00,0.0,4
35743,2021-05-05 12:30:00+00:00,23537,2021-03-23 20:10:00+00:00,0.0,4
35743,2021-05-05 12:30:00+00:00,65902,2021-08-18 10:15:00+00:00,0.0,4
37759,2021-05-12 12:30:00+00:00,34443,2021-05-01 00:10:00+00:00,0.0,3
37759,2021-05-12 12:30:00+00:00,374709,2024-07-25 19:30:00+00:00,0.0,3
37759,2021-05-12 12:30:00+00:00,190793,2022-10-26 03:50:00+00:00,0.0,3
37759,2021-05-12 12:30:00+00:00,198665,2022-11-22 11:50:00+00:00,0.0,3
37759,2021-05-12 12:30:00+00:00,387970,2024-09-09 20:35:00+00:00,0.0,3
39776,2021-05-19 12:35:00+00:00,448879,2025-04-09 08:20:00+00:00,0.0,4
39776,2021-05-19 12:35:00+00:00,144795,2022-05-19 10:40:00+00:00,0.0,4
39776,2021-05-19 12:35:00+00:00,437471,2025-02-28 17:40:00+00:00,0.0,4
39776,2021-05-19 12:35:00+00:00,334724,2024-03-08 23:25:00+00:00,0.0,4
39776,2021-05-19 12:35:00+00:00,96170,2021-12-01 14:35:00+00:00,0.0,4
44671,2021-06-05 12:30:00+00:00,22210,2021-03-19 05:35:00+00:00,0.0,4
44671,2021-06-05 12:30:00+00:00,121897,2022-02-28 22:30:00+00:00,0.0,4
44671,2021-06-05 12:30:00+00:00,41321,2021-05-24 21:20:00+00:00,0.0,4
44671,2021-06-05 12:30:00+00:00,182768,2022-09-28 07:05:00+00:00,0.0,4
44671,2021-06-05 12:30:00+00:00,138058,2022-04-26 01:15:00+00:00,0.0,4
44690,2021-06-05 14:05:00+00:00,134128,2022-04-12 09:45:00+00:00,0.0,4
44690,2021-06-05 14:05:00+00:00,592690,2026-08-21 16:35:00+00:00,0.0,4
44690,2021-06-05 14:05:00+00:00,5221,2021-01-19 03:05:00+00:00,0.0,4
44690,2021-06-05 14:05:00+00:00,386316,2024-09-04 02:45:00+00:00,0.0,4
44690,2021-06-05 14:05:00+00:00,35737,2021-05-05 12:00:00+00:00,0.0,4
46687,2021-06-12 12:30:00+00:00,173605,2022-08-27 11:30:00+00:00,0.0,4
46687,2021-06-12 12:30:00+00:00,231503,2023-03-16 12:20:00+00:00,0.0,4
46687,2021-06-12 12:30:00+00:00,39689,2021-05-19 05:20:00+00:00,0.0,4
46687,2021-06-12 12:30:00+00:00,152345,2022-06-14 15:50:00+00:00,0.0,4
46687,2021-06-12 12:30:00+00:00,2203,2021-01-08 15:35:00+00:00,0.0,4
47905,2021-06-16 18:00:00+00:00,507696,2025-10-30 13:45:00+00:00,0.0,4
47905,2021-06-16 18:00:00+00:00,18876,2021-03-07 15:45:00+00:00,0.0,4
47905,2021-06-16 18:00:00+00:00,96974,2021-12-04 09:35:00+00:00,0.0,4
47905,2021-06-16 18:00:00+00:00,2611,2021-01-10 01:35:00+00:00,0.0,4
47905,2021-06-16 18:00:00+00:00,41935,2021-05-27 00:30:00+00:00,0.0,4
53311,2021-07-05 12:30:00+00:00,113348,2022-01-30 06:05:00+00:00,0.0,3
53311,2021-07-05 12:30:00+00:00,426667,2025-01-22 05:20:00+00:00,0.0,3
53311,2021-07-05 12:30:00+00:00,234794,2023-03-27 23:55:00+00:00,0.0,3
53311,2021-07-05 12:30:00+00:00,84165,2021-10-20 22:10:00+00:00,0.0,3
53311,2021-07-05 12:30:00+00:00,344315,2024-04-11 06:40:00+00:00,0.0,3
55327,2021-07-12 12:30:00+00:00,191768,2022-10-29 13:05:00+00:00,0.0,2
55327,2021-07-12 12:30:00+00:00,262002,2023-06-30 11:15:00+00:00,0.0,2
55327,2021-07-12 12:30:00+00:00,340440,2024-03-28 19:45:00+00:00,0.0,2
55327,2021-07-12 12:30:00+00:00,330469,2024-02-23 04:50:00+00:00,0.0,2
55327,2021-07-12 12:30:00+00:00,35185,2021-05-03 14:00:00+00:00,0.0,2
60001,2021-07-28 18:00:00+00:00,3789,2021-01-14 03:45:00+00:00,0.0,4
60001,2021-07-28 18:00:00+00:00,748,2021-01-03 14:20:00+00:00,0.0,4
60001,2021-07-28 18:00:00+00:00,430340,2025-02-03 23:25:00+00:00,0.0,4
60001,2021-07-28 18:00:00+00:00,8611,2021-01-30 21:35:00+00:00,0.0,4
60001,2021-07-28 18:00:00+00:00,378636,2024-08-08 10:45:00+00:00,0.0,4
62239,2021-08-05 12:30:00+00:00,105008,2022-01-01 07:05:00+00:00,0.0,3
62239,2021-08-05 12:30:00+00:00,45333,2021-06-07 19:40:00+00:00,0.0,3
62239,2021-08-05 12:30:00+00:00,179174,2022-09-15 19:35:00+00:00,0.0,3
62239,2021-08-05 12:30:00+00:00,551145,2026-03-30 10:30:00+00:00,0.0,3
62239,2021-08-05 12:30:00+00:00,104135,2021-12-29 06:20:00+00:00,0.0,3
64255,2021-08-12 12:30:00+00:00,29739,2021-04-14 09:00:00+00:00,0.0,3
64255,2021-08-12 12:30:00+00:00,334386,2024-03-07 19:15:00+00:00,0.0,3
64255,2021-08-12 12:30:00+00:00,103879,2021-12-28 09:00:00+00:00,0.0,3
64255,2021-08-12 12:30:00+00:00,13973,2021-02-18 13:40:00+00:00,0.0,3
64255,2021-08-12 12:30:00+00:00,115906,2022-02-08 03:15:00+00:00,0.0,3
71113,2021-09-05 12:30:00+00:00,179789,2022-09-17 22:50:00+00:00,0.0,1
71113,2021-09-05 12:30:00+00:00,526158,2026-01-02 16:15:00+00:00,0.0,1
71113,2021-09-05 12:30:00+00:00,226419,2023-02-26 20:40:00+00:00,0.0,1
71113,2021-09-05 12:30:00+00:00,318972,2024-01-14 06:45:00+00:00,0.0,1
71113,2021-09-05 12:30:00+00:00,340691,2024-03-29 16:40:00+00:00,0.0,1
71714,2021-09-07 14:35:00+00:00,521553,2025-12-17 16:30:00+00:00,0.0,3
71714,2021-09-07 14:35:00+00:00,135944,2022-04-18 17:05:00+00:00,0.0,3
71714,2021-09-07 14:35:00+00:00,321828,2024-01-24 04:45:00+00:00,0.0,3
71714,2021-09-07 14:35:00+00:00,384954,2024-08-30 09:15:00+00:00,0.0,3
71714,2021-09-07 14:35:00+00:00,235191,2023-03-29 09:00:00+00:00,0.0,3
73129,2021-09-12 12:30:00+00:00,540033,2026-02-19 20:30:00+00:00,0.0,2
73129,2021-09-12 12:30:00+00:00,450093,2025-04-13 13:30:00+00:00,0.0,2
73129,2021-09-12 12:30:00+00:00,218774,2023-01-31 07:35:00+00:00,0.0,2
73129,2021-09-12 12:30:00+00:00,58570,2021-07-23 18:45:00+00:00,0.0,2
73129,2021-09-12 12:30:00+00:00,103019,2021-12-25 09:20:00+00:00,0.0,2
76075,2021-09-22 18:00:00+00:00,33431,2021-04-27 11:50:00+00:00,0.0,4
76075,2021-09-22 18:00:00+00:00,247632,2023-05-11 13:45:00+00:00,0.0,4
76075,2021-09-22 18:00:00+00:00,378454,2024-08-07 19:35:00+00:00,0.0,4
76075,2021-09-22 18:00:00+00:00,428397,2025-01-28 05:30:00+00:00,0.0,4
76075,2021-09-22 18:00:00+00:00,406736,2024-11-14 00:25:00+00:00,0.0,4
79729,2021-10-05 12:30:00+00:00,162370,2022-07-19 11:15:00+00:00,0.0,4
79729,2021-10-05 12:30:00+00:00,64600,2021-08-13 21:45:00+00:00,0.0,4
79729,2021-10-05 12:30:00+00:00,214042,2023-01-14 21:15:00+00:00,0.0,4
79729,2021-10-05 12:30:00+00:00,154164,2022-06-20 23:25:00+00:00,0.0,4
79729,2021-10-05 12:30:00+00:00,32587,2021-04-24 08:50:00+00:00,0.0,4
81745,2021-10-12 12:30:00+00:00,383156,2024-08-24 03:25:00+00:00,0.0,3
81745,2021-10-12 12:30:00+00:00,151546,2022-06-11 21:15:00+00:00,0.0,3
81745,2021-10-12 12:30:00+00:00,45319,2021-06-07 18:30:00+00:00,0.0,3
81745,2021-10-12 12:30:00+00:00,513244,2025-11-18 20:05:00+00:00,0.0,3
81745,2021-10-12 12:30:00+00:00,72758,2021-09-11 05:35:00+00:00,0.0,3
88147,2021-11-03 18:00:00+00:00,214502,2023-01-16 11:35:00+00:00,0.0,3
88147,2021-11-03 18:00:00+00:00,244764,2023-05-01 14:45:00+00:00,0.0,3
88147,2021-11-03 18:00:00+00:00,180622,2022-09-20 20:15:00+00:00,0.0,3
88147,2021-11-03 18:00:00+00:00,517310,2025-12-02 22:55:00+00:00,0.0,3
88147,2021-11-03 18:00:00+00:00,113644,2022-01-31 06:45:00+00:00,0.0,3
88657,2021-11-05 12:30:00+00:00,204966,2022-12-14 08:55:00+00:00,0.0,3
88657,2021-11-05 12:30:00+00:00,376899,2024-08-02 10:00:00+00:00,0.0,3
88657,2021-11-05 12:30:00+00:00,339802,2024-03-26 14:35:00+00:00,0.0,3
88657,2021-11-05 12:30:00+00:00,521083,2025-12-16 01:20:00+00:00,0.0,3
88657,2021-11-05 12:30:00+00:00,217398,2023-01-26 12:55:00+00:00,0.0,3
90673,2021-11-12 12:30:00+00:00,339445,2024-03-25 08:50:00+00:00,0.0,3
90673,2021-11-12 12:30:00+00:00,423166,2025-01-10 01:35:00+00:00,0.0,3
90673,2021-11-12 12:30:00+00:00,65315,2021-08-16 09:20:00+00:00,0.0,3
90673,2021-11-12 12:30:00+00:00,121520,2022-02-27 15:05:00+00:00,0.0,3
90673,2021-11-12 12:30:00+00:00,133997,2022-04-11 22:50:00+00:00,0.0,3
91163,2021-11-14 05:20:00+00:00,105639,2022-01-03 11:40:00+00:00,0.0,2
91163,2021-11-14 05:20:00+00:00,398566,2024-10-16 15:35:00+00:00,0.0,2
91163,2021-11-14 05:20:00+00:00,519184,2025-12-09 11:05:00+00:00,0.0,2
91163,2021-11-14 05:20:00+00:00,353017,2024-05-11 11:50:00+00:00,0.0,2
91163,2021-11-14 05:20:00+00:00,457663,2025-05-09 20:20:00+00:00,0.0,2
97297,2021-12-05 12:30:00+00:00,592382,2026-08-20 14:55:00+00:00,0.0,4
97297,2021-12-05 12:30:00+00:00,13391,2021-02-16 13:10:00+00:00,0.0,4
97297,2021-12-05 12:30:00+00:00,332108,2024-02-28 21:25:00+00:00,0.0,4
97297,2021-12-05 12:30:00+00:00,21212,2021-03-15 18:25:00+00:00,0.0,4
97297,2021-12-05 12:30:00+00:00,336443,2024-03-14 22:40:00+00:00,0.0,4
99313,2021-12-12 12:30:00+00:00,372844,2024-07-19 08:05:00+00:00,0.0,2
99313,2021-12-12 12:30:00+00:00,245019,2023-05-02 12:00:00+00:00,0.0,2
99313,2021-12-12 12:30:00+00:00,556640,2026-04-18 12:25:00+00:00,0.0,2
99313,2021-12-12 12:30:00+00:00,593995,2026-08-26 05:20:00+00:00,0.0,2
99313,2021-12-12 12:30:00+00:00,523022,2025-12-22 18:55:00+00:00,0.0,2
100255,2021-12-15 19:00:00+00:00,38805,2021-05-16 03:40:00+00:00,0.0,4
100255,2021-12-15 19:00:00+00:00,10588,2021-02-06 18:20:00+00:00,0.0,4
100255,2021-12-15 19:00:00+00:00,37613,2021-05-12 00:20:00+00:00,0.0,4
100255,2021-12-15 19:00:00+00:00,31807,2021-04-21 15:50:00+00:00,0.0,4
100255,2021-12-15 19:00:00+00:00,115081,2022-02-05 06:30:00+00:00,0.0,4
106225,2022-01-05 12:30:00+00:00,37151,2021-05-10 09:50:00+00:00,0.0,3
106225,2022-01-05 12:30:00+00:00,125938,2022-03-14 23:15:00+00:00,0.0,3
106225,2022-01-05 12:30:00+00:00,80503,2021-10-08 05:00:00+00:00,0.0,3
106225,2022-01-05 12:30:00+00:00,145128,2022-05-20 14:25:00+00:00,0.0,3
106225,2022-01-05 12:30:00+00:00,514862,2025-11-24 10:55:00+00:00,0.0,3
108241,2022-01-12 12:30:00+00:00,104275,2021-12-29 18:00:00+00:00,0.0,3
108241,2022-01-12 12:30:00+00:00,171685,2022-08-20 19:30:00+00:00,0.0,3
108241,2022-01-12 12:30:00+00:00,430591,2025-02-04 20:20:00+00:00,0.0,3
108241,2022-01-12 12:30:00+00:00,67907,2021-08-25 09:20:00+00:00,0.0,3
108241,2022-01-12 12:30:00+00:00,485568,2025-08-14 17:45:00+00:00,0.0,3
112351,2022-01-26 19:00:00+00:00,124591,2022-03-10 07:00:00+00:00,0.0,4
112351,2022-01-26 19:00:00+00:00,346806,2024-04-19 22:15:00+00:00,0.0,4
112351,2022-01-26 19:00:00+00:00,424418,2025-01-14 09:55:00+00:00,0.0,4
112351,2022-01-26 19:00:00+00:00,449003,2025-04-09 18:40:00+00:00,0.0,4
112351,2022-01-26 19:00:00+00:00,4789,2021-01-17 15:05:00+00:00,0.0,4
115153,2022-02-05 12:30:00+00:00,30423,2021-04-16 18:00:00+00:00,0.0,4
115153,2022-02-05 12:30:00+00:00,46121,2021-06-10 13:20:00+00:00,0.0,4
115153,2022-02-05 12:30:00+00:00,187321,2022-10-14 02:30:00+00:00,0.0,4
115153,2022-02-05 12:30:00+00:00,338555,2024-03-22 06:40:00+00:00,0.0,4
115153,2022-02-05 12:30:00+00:00,414368,2024-12-10 12:25:00+00:00,0.0,4
117169,2022-02-12 12:30:00+00:00,148936,2022-06-02 19:45:00+00:00,0.0,3
117169,2022-02-12 12:30:00+00:00,398294,2024-10-15 16:55:00+00:00,0.0,3
117169,2022-02-12 12:30:00+00:00,89602,2021-11-08 19:15:00+00:00,0.0,3
117169,2022-02-12 12:30:00+00:00,107397,2022-01-09 14:10:00+00:00,0.0,3
117169,2022-02-12 12:30:00+00:00,551153,2026-03-30 11:10:00+00:00,0.0,3
120518,2022-02-24 03:35:00+00:00,97769,2021-12-07 03:50:00+00:00,0.0,4
120518,2022-02-24 03:35:00+00:00,45669,2021-06-08 23:40:00+00:00,0.0,4
120518,2022-02-24 03:35:00+00:00,438188,2025-03-03 05:25:00+00:00,0.0,4
120518,2022-02-24 03:35:00+00:00,345650,2024-04-15 21:55:00+00:00,0.0,4
120518,2022-02-24 03:35:00+00:00,378258,2024-08-07 03:15:00+00:00,0.0,4
123217,2022-03-05 12:30:00+00:00,406825,2024-11-14 07:50:00+00:00,0.0,4
123217,2022-03-05 12:30:00+00:00,331869,2024-02-28 01:30:00+00:00,0.0,4
123217,2022-03-05 12:30:00+00:00,534792,2026-02-01 15:45:00+00:00,0.0,4
123217,2022-03-05 12:30:00+00:00,536436,2026-02-07 08:45:00+00:00,0.0,4
123217,2022-03-05 12:30:00+00:00,17283,2021-03-02 01:30:00+00:00,0.0,4
125233,2022-03-12 12:30:00+00:00,196822,2022-11-16 02:15:00+00:00,0.0,3
125233,2022-03-12 12:30:00+00:00,461099,2025-05-21 18:40:00+00:00,0.0,3
125233,2022-03-12 12:30:00+00:00,383250,2024-08-24 11:15:00+00:00,0.0,3
125233,2022-03-12 12:30:00+00:00,121399,2022-02-27 05:00:00+00:00,0.0,3
125233,2022-03-12 12:30:00+00:00,159973,2022-07-11 03:30:00+00:00,0.0,3
126451,2022-03-16 18:00:00+00:00,295588,2023-10-25 02:05:00+00:00,0.0,4
126451,2022-03-16 18:00:00+00:00,152275,2022-06-14 10:00:00+00:00,0.0,4
126451,2022-03-16 18:00:00+00:00,78781,2021-10-02 05:30:00+00:00,0.0,4
126451,2022-03-16 18:00:00+00:00,118959,2022-02-18 17:40:00+00:00,0.0,4
126451,2022-03-16 18:00:00+00:00,93706,2021-11-23 01:15:00+00:00,0.0,4
130164,2022-03-29 15:25:00+00:00,341543,2024-04-01 15:40:00+00:00,0.0,2
130164,2022-03-29 15:25:00+00:00,351080,2024-05-04 18:25:00+00:00,0.0,2
130164,2022-03-29 15:25:00+00:00,245792,2023-05-05 04:25:00+00:00,0.0,2
130164,2022-03-29 15:25:00+00:00,245281,2023-05-03 09:50:00+00:00,0.0,2
130164,2022-03-29 15:25:00+00:00,352212,2024-05-08 16:45:00+00:00,0.0,2
132145,2022-04-05 12:30:00+00:00,240126,2023-04-15 12:15:00+00:00,0.0,1
132145,2022-04-05 12:30:00+00:00,305380,2023-11-28 02:05:00+00:00,0.0,1
132145,2022-04-05 12:30:00+00:00,136312,2022-04-19 23:45:00+00:00,0.0,1
132145,2022-04-05 12:30:00+00:00,343112,2024-04-07 02:25:00+00:00,0.0,1
132145,2022-04-05 12:30:00+00:00,291724,2023-10-11 16:05:00+00:00,0.0,1
134161,2022-04-12 12:30:00+00:00,238916,2023-04-11 07:25:00+00:00,0.0,3
134161,2022-04-12 12:30:00+00:00,371813,2024-07-15 18:10:00+00:00,0.0,3
134161,2022-04-12 12:30:00+00:00,56652,2021-07-17 02:55:00+00:00,0.0,3
134161,2022-04-12 12:30:00+00:00,214497,2023-01-16 11:10:00+00:00,0.0,3
134161,2022-04-12 12:30:00+00:00,113971,2022-02-01 10:00:00+00:00,0.0,3
140563,2022-05-04 18:00:00+00:00,404126,2024-11-04 22:55:00+00:00,0.0,2
140563,2022-05-04 18:00:00+00:00,577961,2026-07-01 13:10:00+00:00,0.0,2
140563,2022-05-04 18:00:00+00:00,227144,2023-03-01 09:05:00+00:00,0.0,2
140563,2022-05-04 18:00:00+00:00,551347,2026-03-31 03:20:00+00:00,0.0,2
140563,2022-05-04 18:00:00+00:00,242702,2023-04-24 10:55:00+00:00,0.0,2
140785,2022-05-05 12:30:00+00:00,385208,2024-08-31 06:25:00+00:00,0.0,2
140785,2022-05-05 12:30:00+00:00,155829,2022-06-26 18:10:00+00:00,0.0,2
140785,2022-05-05 12:30:00+00:00,75265,2021-09-19 22:30:00+00:00,0.0,2
140785,2022-05-05 12:30:00+00:00,538845,2026-02-15 17:30:00+00:00,0.0,2
140785,2022-05-05 12:30:00+00:00,170747,2022-08-17 13:20:00+00:00,0.0,2
141740,2022-05-08 20:05:00+00:00,73462,2021-09-13 16:15:00+00:00,0.0,4
141740,2022-05-08 20:05:00+00:00,534918,2026-02-02 02:15:00+00:00,0.0,4
141740,2022-05-08 20:05:00+00:00,78746,2021-10-02 02:35:00+00:00,0.0,4
141740,2022-05-08 20:05:00+00:00,116820,2022-02-11 07:25:00+00:00,0.0,4
141740,2022-05-08 20:05:00+00:00,14802,2021-02-21 10:45:00+00:00,0.0,4
142484,2022-05-11 10:05:00+00:00,64634,2021-08-14 00:35:00+00:00,0.0,4
142484,2022-05-11 10:05:00+00:00,3927,2021-01-14 15:15:00+00:00,0.0,4
142484,2022-05-11 10:05:00+00:00,4905,2021-01-18 00:45:00+00:00,0.0,4
142484,2022-05-11 10:05:00+00:00,543809,2026-03-04 23:10:00+00:00,0.0,4
142484,2022-05-11 10:05:00+00:00,36902,2021-05-09 13:05:00+00:00,0.0,4
142801,2022-05-12 12:30:00+00:00,157033,2022-06-30 22:30:00+00:00,0.0,4
142801,2022-05-12 12:30:00+00:00,195009,2022-11-09 19:10:00+00:00,0.0,4
142801,2022-05-12 12:30:00+00:00,183028,2022-09-29 04:45:00+00:00,0.0,4
142801,2022-05-12 12:30:00+00:00,2729,2021-01-10 11:25:00+00:00,0.0,4
142801,2022-05-12 12:30:00+00:00,1981,2021-01-07 21:05:00+00:00,0.0,4
149713,2022-06-05 12:30:00+00:00,520748,2025-12-14 21:25:00+00:00,0.0,0
149713,2022-06-05 12:30:00+00:00,199966,2022-11-27 00:15:00+00:00,0.0,0
149713,2022-06-05 12:30:00+00:00,266726,2023-07-16 20:55:00+00:00,0.0,0
149713,2022-06-05 12:30:00+00:00,595243,2026-08-30 13:20:00+00:00,0.0,0
149713,2022-06-05 12:30:00+00:00,212369,2023-01-09 01:50:00+00:00,0.0,0
151729,2022-06-12 12:30:00+00:00,45142,2021-06-07 03:45:00+00:00,0.0,3
151729,2022-06-12 12:30:00+00:00,370107,2024-07-09 20:00:00+00:00,0.0,3
151729,2022-06-12 12:30:00+00:00,545654,2026-03-11 08:55:00+00:00,0.0,3
151729,2022-06-12 12:30:00+00:00,355752,2024-05-20 23:45:00+00:00,0.0,3
151729,2022-06-12 12:30:00+00:00,66851,2021-08-21 17:20:00+00:00,0.0,3
151862,2022-06-12 23:35:00+00:00,112690,2022-01-27 23:15:00+00:00,0.0,4
151862,2022-06-12 23:35:00+00:00,43670,2021-06-02 01:05:00+00:00,0.0,4
151862,2022-06-12 23:35:00+00:00,178786,2022-09-14 11:15:00+00:00,0.0,4
151862,2022-06-12 23:35:00+00:00,124462,2022-03-09 20:15:00+00:00,0.0,4
151862,2022-06-12 23:35:00+00:00,438187,2025-03-03 05:20:00+00:00,0.0,4
152659,2022-06-15 18:00:00+00:00,39617,2021-05-18 23:20:00+00:00,0.0,4
152659,2022-06-15 18:00:00+00:00,10829,2021-02-07 14:25:00+00:00,0.0,4
152659,2022-06-15 18:00:00+00:00,45472,2021-06-08 07:15:00+00:00,0.0,4
152659,2022-06-15 18:00:00+00:00,77014,2021-09-26 00:15:00+00:00,0.0,4
152659,2022-06-15 18:00:00+00:00,592339,2026-08-20 11:20:00+00:00,0.0,4
153188,2022-06-17 14:05:00+00:00,13869,2021-02-18 05:00:00+00:00,0.0,4
153188,2022-06-17 14:05:00+00:00,153767,2022-06-19 14:20:00+00:00,0.0,4
153188,2022-06-17 14:05:00+00:00,13489,2021-02-16 21:20:00+00:00,0.0,4
153188,2022-06-17 14:05:00+00:00,42950,2021-05-30 13:05:00+00:00,0.0,4
153188,2022-06-17 14:05:00+00:00,512193,2025-11-15 04:30:00+00:00,0.0,4
158353,2022-07-05 12:30:00+00:00,537062,2026-02-09 12:55:00+00:00,0.0,3
158353,2022-07-05 12:30:00+00:00,372093,2024-07-16 17:30:00+00:00,0.0,3
158353,2022-07-05 12:30:00+00:00,138223,2022-04-26 15:00:00+00:00,0.0,3
158353,2022-07-05 12:30:00+00:00,182282,2022-09-26 14:35:00+00:00,0.0,3
158353,2022-07-05 12:30:00+00:00,173689,2022-08-27 18:30:00+00:00,0.0,3
160369,2022-07-12 12:30:00+00:00,114668,2022-02-03 20:05:00+00:00,0.0,3
160369,2022-07-12 12:30:00+00:00,193743,2022-11-05 09:40:00+00:00,0.0,3
160369,2022-07-12 12:30:00+00:00,428487,2025-01-28 13:00:00+00:00,0.0,3
160369,2022-07-12 12:30:00+00:00,509835,2025-11-07 00:00:00+00:00,0.0,3
160369,2022-07-12 12:30:00+00:00,177398,2022-09-09 15:35:00+00:00,0.0,3
164755,2022-07-27 18:00:00+00:00,167083,2022-08-04 20:00:00+00:00,0.0,3
164755,2022-07-27 18:00:00+00:00,61196,2021-08-01 21:35:00+00:00,0.0,3
164755,2022-07-27 18:00:00+00:00,377286,2024-08-03 18:15:00+00:00,0.0,3
164755,2022-07-27 18:00:00+00:00,161502,2022-07-16 10:55:00+00:00,0.0,3
164755,2022-07-27 18:00:00+00:00,69817,2021-09-01 00:30:00+00:00,0.0,3
167281,2022-08-05 12:30:00+00:00,225289,2023-02-22 22:30:00+00:00,0.0,3
167281,2022-08-05 12:30:00+00:00,148475,2022-06-01 05:20:00+00:00,0.0,3
167281,2022-08-05 12:30:00+00:00,370875,2024-07-12 12:00:00+00:00,0.0,3
167281,2022-08-05 12:30:00+00:00,65229,2021-08-16 02:10:00+00:00,0.0,3
167281,2022-08-05 12:30:00+00:00,449536,2025-04-11 15:05:00+00:00,0.0,3
167281,2022-08-05 12:30:00+00:00,80681,2021-10-08 19:50:00+00:00,0.0,3
167281,2022-08-05 12:30:00+00:00,215338,2023-01-19 09:15:00+00:00,0.0,3
167281,2022-08-05 12:30:00+00:00,57879,2021-07-21 09:10:00+00:00,0.0,3
167281,2022-08-05 12:30:00+00:00,394802,2024-10-03 13:55:00+00:00,0.0,3
167281,2022-08-05 12:30:00+00:00,536888,2026-02-08 22:25:00+00:00,0.0,3
169297,2022-08-12 12:30:00+00:00,83725,2021-10-19 09:30:00+00:00,0.0,3
169297,2022-08-12 12:30:00+00:00,25146,2021-03-29 10:15:00+00:00,0.0,3
169297,2022-08-12 12:30:00+00:00,163781,2022-07-24 08:50:00+00:00,0.0,3
169297,2022-08-12 12:30:00+00:00,133235,2022-04-09 07:20:00+00:00,0.0,3
169297,2022-08-12 12:30:00+00:00,196216,2022-11-13 23:45:00+00:00,0.0,3
176209,2022-09-05 12:30:00+00:00,487163,2025-08-20 06:40:00+00:00,0.0,1
176209,2022-09-05 12:30:00+00:00,299885,2023-11-09 00:10:00+00:00,0.0,1
176209,2022-09-05 12:30:00+00:00,477585,2025-07-18 00:30:00+00:00,0.0,1
176209,2022-09-05 12:30:00+00:00,314827,2023-12-30 21:20:00+00:00,0.0,1
176209,2022-09-05 12:30:00+00:00,565421,2026-05-19 00:10:00+00:00,0.0,1
178225,2022-09-12 12:30:00+00:00,380920,2024-08-16 09:05:00+00:00,0.0,3
178225,2022-09-12 12:30:00+00:00,158847,2022-07-07 05:40:00+00:00,0.0,3
178225,2022-09-12 12:30:00+00:00,247396,2023-05-10 18:05:00+00:00,0.0,3
178225,2022-09-12 12:30:00+00:00,408913,2024-11-21 13:50:00+00:00,0.0,3
178225,2022-09-12 12:30:00+00:00,531747,2026-01-22 02:00:00+00:00,0.0,3
180883,2022-09-21 18:00:00+00:00,32062,2021-04-22 13:05:00+00:00,0.0,4
180883,2022-09-21 18:00:00+00:00,21716,2021-03-17 12:25:00+00:00,0.0,4
180883,2022-09-21 18:00:00+00:00,17526,2021-03-02 21:45:00+00:00,0.0,4
180883,2022-09-21 18:00:00+00:00,243452,2023-04-27 01:25:00+00:00,0.0,4
180883,2022-09-21 18:00:00+00:00,122098,2022-03-01 15:15:00+00:00,0.0,4
184849,2022-10-05 12:30:00+00:00,85877,2021-10-26 20:50:00+00:00,0.0,2
184849,2022-10-05 12:30:00+00:00,371409,2024-07-14 08:30:00+00:00,0.0,2
184849,2022-10-05 12:30:00+00:00,88105,2021-11-03 14:30:00+00:00,0.0,2
184849,2022-10-05 12:30:00+00:00,344590,2024-04-12 05:35:00+00:00,0.0,2
184849,2022-10-05 12:30:00+00:00,427600,2025-01-25 11:05:00+00:00,0.0,2
186865,2022-10-12 12:30:00+00:00,575333,2026-06-22 10:10:00+00:00,0.0,1
186865,2022-10-12 12:30:00+00:00,421477,2025-01-04 04:50:00+00:00,0.0,1
186865,2022-10-12 12:30:00+00:00,253417,2023-05-31 15:50:00+00:00,0.0,1
186865,2022-10-12 12:30:00+00:00,399273,2024-10-19 02:30:00+00:00,0.0,1
186865,2022-10-12 12:30:00+00:00,398907,2024-10-17 20:00:00+00:00,0.0,1
192979,2022-11-02 18:00:00+00:00,588492,2026-08-07 02:45:00+00:00,0.0,0
192979,2022-11-02 18:00:00+00:00,208602,2022-12-26 23:55:00+00:00,0.0,0
192979,2022-11-02 18:00:00+00:00,441884,2025-03-16 01:25:00+00:00,0.0,0
192979,2022-11-02 18:00:00+00:00,584033,2026-07-22 15:10:00+00:00,0.0,0
192979,2022-11-02 18:00:00+00:00,484299,2025-08-10 08:00:00+00:00,0.0,0
193777,2022-11-05 12:30:00+00:00,321776,2024-01-24 00:25:00+00:00,0.0,3
193777,2022-11-05 12:30:00+00:00,159781,2022-07-10 11:30:00+00:00,0.0,3
193777,2022-11-05 12:30:00+00:00,388672,2024-09-12 07:05:00+00:00,0.0,3
193777,2022-11-05 12:30:00+00:00,255424,2023-06-07 15:05:00+00:00,0.0,3
193777,2022-11-05 12:30:00+00:00,56069,2021-07-15 02:20:00+00:00,0.0,3
194687,2022-11-08 16:20:00+00:00,158784,2022-07-07 00:25:00+00:00,0.0,4
194687,2022-11-08 16:20:00+00:00,8049,2021-01-28 22:45:00+00:00,0.0,4
194687,2022-11-08 16:20:00+00:00,599,2021-01-03 01:55:00+00:00,0.0,4
194687,2022-11-08 16:20:00+00:00,93586,2021-11-22 15:15:00+00:00,0.0,4
194687,2022-11-08 16:20:00+00:00,534618,2026-02-01 01:15:00+00:00,0.0,4
195032,2022-11-09 21:05:00+00:00,49952,2021-06-23 20:35:00+00:00,0.0,4
195032,2022-11-09 21:05:00+00:00,549390,2026-03-24 08:15:00+00:00,0.0,4
195032,2022-11-09 21:05:00+00:00,406224,2024-11-12 05:45:00+00:00,0.0,4
195032,2022-11-09 21:05:00+00:00,570351,2026-06-05 03:00:00+00:00,0.0,4
195032,2022-11-09 21:05:00+00:00,35645,2021-05-05 04:20:00+00:00,0.0,4
195524,2022-11-11 14:05:00+00:00,10109,2021-02-05 02:25:00+00:00,0.0,4
195524,2022-11-11 14:05:00+00:00,50437,2021-06-25 13:00:00+00:00,0.0,4
195524,2022-11-11 14:05:00+00:00,166506,2022-08-02 19:55:00+00:00,0.0,4
195524,2022-11-11 14:05:00+00:00,79528,2021-10-04 19:45:00+00:00,0.0,4
195524,2022-11-11 14:05:00+00:00,438731,2025-03-05 02:40:00+00:00,0.0,4
195793,2022-11-12 12:30:00+00:00,17541,2021-03-02 23:00:00+00:00,0.0,4
195793,2022-11-12 12:30:00+00:00,549142,2026-03-23 11:35:00+00:00,0.0,4
195793,2022-11-12 12:30:00+00:00,142387,2022-05-11 02:00:00+00:00,0.0,4
195793,2022-11-12 12:30:00+00:00,22148,2021-03-19 00:25:00+00:00,0.0,4
195793,2022-11-12 12:30:00+00:00,542831,2026-03-01 13:40:00+00:00,0.0,4
202417,2022-12-05 12:30:00+00:00,593180,2026-08-23 09:25:00+00:00,0.0,1
202417,2022-12-05 12:30:00+00:00,248942,2023-05-16 02:55:00+00:00,0.0,1
202417,2022-12-05 12:30:00+00:00,247343,2023-05-10 13:40:00+00:00,0.0,1
202417,2022-12-05 12:30:00+00:00,455565,2025-05-02 13:30:00+00:00,0.0,1
202417,2022-12-05 12:30:00+00:00,563473,2026-05-12 05:50:00+00:00,0.0,1
204433,2022-12-12 12:30:00+00:00,575045,2026-06-21 10:10:00+00:00,0.0,0
204433,2022-12-12 12:30:00+00:00,360731,2024-06-07 06:40:00+00:00,0.0,0
204433,2022-12-12 12:30:00+00:00,475281,2025-07-10 00:30:00+00:00,0.0,0
204433,2022-12-12 12:30:00+00:00,206254,2022-12-18 20:15:00+00:00,0.0,0
204433,2022-12-12 12:30:00+00:00,271014,2023-07-31 18:15:00+00:00,0.0,0
204569,2022-12-12 23:50:00+00:00,279914,2023-08-31 15:55:00+00:00,0.0,0
204569,2022-12-12 23:50:00+00:00,262590,2023-07-02 12:15:00+00:00,0.0,0
204569,2022-12-12 23:50:00+00:00,203312,2022-12-08 15:05:00+00:00,0.0,0
204569,2022-12-12 23:50:00+00:00,583204,2026-07-19 18:05:00+00:00,0.0,0
204569,2022-12-12 23:50:00+00:00,528517,2026-01-10 20:50:00+00:00,0.0,0
205087,2022-12-14 19:00:00+00:00,367734,2024-07-01 14:15:00+00:00,0.0,1
205087,2022-12-14 19:00:00+00:00,410054,2024-11-25 12:55:00+00:00,0.0,1
205087,2022-12-14 19:00:00+00:00,373909,2024-07-23 00:50:00+00:00,0.0,1
205087,2022-12-14 19:00:00+00:00,573376,2026-06-15 15:05:00+00:00,0.0,1
205087,2022-12-14 19:00:00+00:00,358748,2024-05-31 09:25:00+00:00,0.0,1
211345,2023-01-05 12:30:00+00:00,349408,2024-04-28 23:05:00+00:00,0.0,0
211345,2023-01-05 12:30:00+00:00,556980,2026-04-19 16:45:00+00:00,0.0,0
211345,2023-01-05 12:30:00+00:00,357120,2024-05-25 17:45:00+00:00,0.0,0
211345,2023-01-05 12:30:00+00:00,325016,2024-02-04 06:25:00+00:00,0.0,0
211345,2023-01-05 12:30:00+00:00,393614,2024-09-29 10:55:00+00:00,0.0,0
213361,2023-01-12 12:30:00+00:00,214668,2023-01-17 01:25:00+00:00,0.0,3
213361,2023-01-12 12:30:00+00:00,164329,2022-07-26 06:30:00+00:00,0.0,3
213361,2023-01-12 12:30:00+00:00,388547,2024-09-11 20:40:00+00:00,0.0,3
213361,2023-01-12 12:30:00+00:00,65337,2021-08-16 11:10:00+00:00,0.0,3
213361,2023-01-12 12:30:00+00:00,83624,2021-10-19 01:05:00+00:00,0.0,3
219199,2023-02-01 19:00:00+00:00,415572,2024-12-14 16:45:00+00:00,0.0,1
219199,2023-02-01 19:00:00+00:00,375122,2024-07-27 05:55:00+00:00,0.0,1
219199,2023-02-01 19:00:00+00:00,283695,2023-09-13 19:00:00+00:00,0.0,1
219199,2023-02-01 19:00:00+00:00,185555,2022-10-07 23:20:00+00:00,0.0,1
219199,2023-02-01 19:00:00+00:00,524987,2025-12-29 14:40:00+00:00,0.0,1
220273,2023-02-05 12:30:00+00:00,486027,2025-08-16 08:00:00+00:00,0.0,0
220273,2023-02-05 12:30:00+00:00,587406,2026-08-03 08:15:00+00:00,0.0,0
220273,2023-02-05 12:30:00+00:00,212071,2023-01-08 01:00:00+00:00,0.0,0
220273,2023-02-05 12:30:00+00:00,597817,2026-09-08 11:50:00+00:00,0.0,0
220273,2023-02-05 12:30:00+00:00,267443,2023-07-19 08:40:00+00:00,0.0,0
222289,2023-02-12 12:30:00+00:00,302994,2023-11-19 19:15:00+00:00,0.0,0
222289,2023-02-12 12:30:00+00:00,202033,2022-12-04 04:30:00+00:00,0.0,0
222289,2023-02-12 12:30:00+00:00,265366,2023-07-12 03:35:00+00:00,0.0,0
222289,2023-02-12 12:30:00+00:00,490221,2025-08-30 21:30:00+00:00,0.0,0
222289,2023-02-12 12:30:00+00:00,472420,2025-06-30 02:05:00+00:00,0.0,0
228337,2023-03-05 12:30:00+00:00,253172,2023-05-30 19:25:00+00:00,0.0,1
228337,2023-03-05 12:30:00+00:00,308538,2023-12-09 01:15:00+00:00,0.0,1
228337,2023-03-05 12:30:00+00:00,499524,2025-10-02 04:45:00+00:00,0.0,1
228337,2023-03-05 12:30:00+00:00,262826,2023-07-03 07:55:00+00:00,0.0,1
228337,2023-03-05 12:30:00+00:00,240992,2023-04-18 12:25:00+00:00,0.0,1
229304,2023-03-08 21:05:00+00:00,574663,2026-06-20 02:20:00+00:00,0.0,1
229304,2023-03-08 21:05:00+00:00,394169,2024-10-01 09:10:00+00:00,0.0,1
229304,2023-03-08 21:05:00+00:00,283755,2023-09-14 00:00:00+00:00,0.0,1
229304,2023-03-08 21:05:00+00:00,299849,2023-11-08 21:10:00+00:00,0.0,1
229304,2023-03-08 21:05:00+00:00,282040,2023-09-08 01:05:00+00:00,0.0,1
229820,2023-03-10 16:05:00+00:00,502045,2025-10-10 22:50:00+00:00,0.0,4
229820,2023-03-10 16:05:00+00:00,187427,2022-10-14 11:20:00+00:00,0.0,4
229820,2023-03-10 16:05:00+00:00,152994,2022-06-16 21:55:00+00:00,0.0,4
229820,2023-03-10 16:05:00+00:00,159227,2022-07-08 13:20:00+00:00,0.0,4
229820,2023-03-10 16:05:00+00:00,111801,2022-01-24 21:10:00+00:00,0.0,4
229940,2023-03-11 02:05:00+00:00,16597,2021-02-27 16:20:00+00:00,0.0,4
229940,2023-03-11 02:05:00+00:00,171503,2022-08-20 04:20:00+00:00,0.0,4
229940,2023-03-11 02:05:00+00:00,16112,2021-02-25 23:55:00+00:00,0.0,4
229940,2023-03-11 02:05:00+00:00,262174,2023-07-01 01:35:00+00:00,0.0,4
229940,2023-03-11 02:05:00+00:00,196258,2022-11-14 03:15:00+00:00,0.0,4
230353,2023-03-12 12:30:00+00:00,313451,2023-12-26 02:40:00+00:00,0.0,1
230353,2023-03-12 12:30:00+00:00,568684,2026-05-30 08:05:00+00:00,0.0,1
230353,2023-03-12 12:30:00+00:00,109177,2022-01-15 18:30:00+00:00,0.0,1
230353,2023-03-12 12:30:00+00:00,240671,2023-04-17 09:40:00+00:00,0.0,1
230353,2023-03-12 12:30:00+00:00,455222,2025-05-01 08:55:00+00:00,0.0,1
230470,2023-03-12 22:15:00+00:00,509225,2025-11-04 21:10:00+00:00,0.0,3
230470,2023-03-12 22:15:00+00:00,593819,2026-08-25 14:40:00+00:00,0.0,3
230470,2023-03-12 22:15:00+00:00,95368,2021-11-28 19:45:00+00:00,0.0,3
230470,2023-03-12 22:15:00+00:00,143734,2022-05-15 18:15:00+00:00,0.0,3
230470,2023-03-12 22:15:00+00:00,183718,2022-10-01 14:15:00+00:00,0.0,3
233299,2023-03-22 18:00:00+00:00,69526,2021-08-31 00:15:00+00:00,0.0,2
233299,2023-03-22 18:00:00+00:00,199291,2022-11-24 16:00:00+00:00,0.0,2
233299,2023-03-22 18:00:00+00:00,347665,2024-04-22 21:50:00+00:00,0.0,2
233299,2023-03-22 18:00:00+00:00,523396,2025-12-24 02:05:00+00:00,0.0,2
233299,2023-03-22 18:00:00+00:00,71047,2021-09-05 07:00:00+00:00,0.0,2
237249,2023-04-05 12:30:00+00:00,476909,2025-07-15 16:10:00+00:00,0.0,2
237249,2023-04-05 12:30:00+00:00,477144,2025-07-16 11:45:00+00:00,0.0,2
237249,2023-04-05 12:30:00+00:00,118602,2022-02-17 11:55:00+00:00,0.0,2
237249,2023-04-05 12:30:00+00:00,70960,2021-09-04 23:45:00+00:00,0.0,2
237249,2023-04-05 12:30:00+00:00,73013,2021-09-12 02:50:00+00:00,0.0,2
239265,2023-04-12 12:30:00+00:00,185271,2022-10-06 23:40:00+00:00,0.0,2
239265,2023-04-12 12:30:00+00:00,28332,2021-04-09 11:45:00+00:00,0.0,2
239265,2023-04-12 12:30:00+00:00,362683,2024-06-14 01:20:00+00:00,0.0,2
239265,2023-04-12 12:30:00+00:00,108963,2022-01-15 00:40:00+00:00,0.0,2
239265,2023-04-12 12:30:00+00:00,131480,2022-04-03 05:05:00+00:00,0.0,2
245379,2023-05-03 18:00:00+00:00,402924,2024-10-31 18:45:00+00:00,0.0,2
245379,2023-05-03 18:00:00+00:00,217066,2023-01-25 09:15:00+00:00,0.0,2
245379,2023-05-03 18:00:00+00:00,412167,2024-12-02 21:00:00+00:00,0.0,2
245379,2023-05-03 18:00:00+00:00,515428,2025-11-26 10:05:00+00:00,0.0,2
245379,2023-05-03 18:00:00+00:00,579432,2026-07-06 15:45:00+00:00,0.0,2
245889,2023-05-05 12:30:00+00:00,251528,2023-05-25 02:25:00+00:00,0.0,2
245889,2023-05-05 12:30:00+00:00,245266,2023-05-03 08:35:00+00:00,0.0,2
245889,2023-05-05 12:30:00+00:00,479760,2025-07-25 13:45:00+00:00,0.0,2
245889,2023-05-05 12:30:00+00:00,168612,2022-08-10 03:25:00+00:00,0.0,2
245889,2023-05-05 12:30:00+00:00,304586,2023-11-25 07:55:00+00:00,0.0,2
247905,2023-05-12 12:30:00+00:00,316323,2024-01-05 02:00:00+00:00,0.0,3
247905,2023-05-12 12:30:00+00:00,84207,2021-10-21 01:40:00+00:00,0.0,3
247905,2023-05-12 12:30:00+00:00,196682,2022-11-15 14:35:00+00:00,0.0,3
247905,2023-05-12 12:30:00+00:00,167104,2022-08-04 21:45:00+00:00,0.0,3
247905,2023-05-12 12:30:00+00:00,344126,2024-04-10 14:55:00+00:00,0.0,3
254817,2023-06-05 12:30:00+00:00,482451,2025-08-03 22:00:00+00:00,0.0,0
254817,2023-06-05 12:30:00+00:00,567457,2026-05-26 01:50:00+00:00,0.0,0
254817,2023-06-05 12:30:00+00:00,248638,2023-05-15 01:35:00+00:00,0.0,0
254817,2023-06-05 12:30:00+00:00,188039,2022-10-16 14:20:00+00:00,0.0,0
254817,2023-06-05 12:30:00+00:00,326994,2024-02-11 03:15:00+00:00,0.0,0
254853,2023-06-05 15:30:00+00:00,202344,2022-12-05 06:25:00+00:00,0.0,0
254853,2023-06-05 15:30:00+00:00,273275,2023-08-08 14:40:00+00:00,0.0,0
254853,2023-06-05 15:30:00+00:00,584989,2026-07-25 22:50:00+00:00,0.0,0
254853,2023-06-05 15:30:00+00:00,208337,2022-12-26 01:50:00+00:00,0.0,0
254853,2023-06-05 15:30:00+00:00,597578,2026-09-07 15:55:00+00:00,0.0,0
255105,2023-06-06 12:30:00+00:00,65050,2021-08-15 11:15:00+00:00,0.0,3
255105,2023-06-06 12:30:00+00:00,183683,2022-10-01 11:20:00+00:00,0.0,3
255105,2023-06-06 12:30:00+00:00,541526,2026-02-25 00:55:00+00:00,0.0,3
255105,2023-06-06 12:30:00+00:00,514966,2025-11-24 19:35:00+00:00,0.0,3
255105,2023-06-06 12:30:00+00:00,233061,2023-03-21 22:10:00+00:00,0.0,3
256833,2023-06-12 12:30:00+00:00,557484,2026-04-21 10:45:00+00:00,0.0,1
256833,2023-06-12 12:30:00+00:00,444518,2025-03-25 04:55:00+00:00,0.0,1
256833,2023-06-12 12:30:00+00:00,564534,2026-05-15 22:15:00+00:00,0.0,1
256833,2023-06-12 12:30:00+00:00,464575,2025-06-02 20:20:00+00:00,0.0,1
256833,2023-06-12 12:30:00+00:00,137732,2022-04-24 22:05:00+00:00,0.0,1
257475,2023-06-14 18:00:00+00:00,584372,2026-07-23 19:25:00+00:00,0.0,0
257475,2023-06-14 18:00:00+00:00,205421,2022-12-15 22:50:00+00:00,0.0,0
257475,2023-06-14 18:00:00+00:00,389428,2024-09-14 22:05:00+00:00,0.0,0
257475,2023-06-14 18:00:00+00:00,528682,2026-01-11 10:35:00+00:00,0.0,0
257475,2023-06-14 18:00:00+00:00,190062,2022-10-23 14:55:00+00:00,0.0,0
257784,2023-06-15 19:45:00+00:00,225228,2023-02-22 17:25:00+00:00,0.0,3
257784,2023-06-15 19:45:00+00:00,233951,2023-03-25 01:40:00+00:00,0.0,3
257784,2023-06-15 19:45:00+00:00,449733,2025-04-12 07:30:00+00:00,0.0,3
257784,2023-06-15 19:45:00+00:00,118825,2022-02-18 06:30:00+00:00,0.0,3
257784,2023-06-15 19:45:00+00:00,166195,2022-08-01 18:00:00+00:00,0.0,3
263457,2023-07-05 12:30:00+00:00,411843,2024-12-01 18:00:00+00:00,0.0,0
263457,2023-07-05 12:30:00+00:00,357495,2024-05-27 01:00:00+00:00,0.0,0
263457,2023-07-05 12:30:00+00:00,331063,2024-02-25 06:20:00+00:00,0.0,0
263457,2023-07-05 12:30:00+00:00,207594,2022-12-23 11:55:00+00:00,0.0,0
263457,2023-07-05 12:30:00+00:00,526792,2026-01-04 21:05:00+00:00,0.0,0
265473,2023-07-12 12:30:00+00:00,595248,2026-08-30 13:45:00+00:00,0.0,0
265473,2023-07-12 12:30:00+00:00,265469,2023-07-12 12:10:00+00:00,0.0,0
265473,2023-07-12 12:30:00+00:00,516649,2025-11-30 15:50:00+00:00,0.0,0
265473,2023-07-12 12:30:00+00:00,270152,2023-07-28 18:25:00+00:00,0.0,0
265473,2023-07-12 12:30:00+00:00,238094,2023-04-08 10:55:00+00:00,0.0,0
265473,2023-07-12 12:30:00+00:00,439945,2025-03-09 07:50:00+00:00,0.0,0
265473,2023-07-12 12:30:00+00:00,560402,2026-05-01 13:55:00+00:00,0.0,0
265473,2023-07-12 12:30:00+00:00,595363,2026-08-30 23:20:00+00:00,0.0,0
265473,2023-07-12 12:30:00+00:00,367486,2024-06-30 17:35:00+00:00,0.0,0
265473,2023-07-12 12:30:00+00:00,213122,2023-01-11 16:35:00+00:00,0.0,0
269571,2023-07-26 18:00:00+00:00,497303,2025-09-24 11:40:00+00:00,0.0,0
269571,2023-07-26 18:00:00+00:00,208062,2022-12-25 02:55:00+00:00,0.0,0
269571,2023-07-26 18:00:00+00:00,299523,2023-11-07 18:00:00+00:00,0.0,0
269571,2023-07-26 18:00:00+00:00,211184,2023-01-04 23:05:00+00:00,0.0,0
269571,2023-07-26 18:00:00+00:00,268041,2023-07-21 10:30:00+00:00,0.0,0
272385,2023-08-05 12:30:00+00:00,588335,2026-08-06 13:40:00+00:00,0.0,0
272385,2023-08-05 12:30:00+00:00,287308,2023-09-26 08:05:00+00:00,0.0,0
272385,2023-08-05 12:30:00+00:00,465893,2025-06-07 10:10:00+00:00,0.0,0
272385,2023-08-05 12:30:00+00:00,276724,2023-08-20 14:05:00+00:00,0.0,0
272385,2023-08-05 12:30:00+00:00,281903,2023-09-07 13:40:00+00:00,0.0,0
274401,2023-08-12 12:30:00+00:00,389512,2024-09-15 05:05:00+00:00,0.0,0
274401,2023-08-12 12:30:00+00:00,471733,2025-06-27 16:50:00+00:00,0.0,0
274401,2023-08-12 12:30:00+00:00,288730,2023-10-01 06:35:00+00:00,0.0,0
274401,2023-08-12 12:30:00+00:00,492409,2025-09-07 11:50:00+00:00,0.0,0
274401,2023-08-12 12:30:00+00:00,441820,2025-03-15 20:05:00+00:00,0.0,0
279323,2023-08-29 14:40:00+00:00,300375,2023-11-10 17:00:00+00:00,0.0,3
279323,2023-08-29 14:40:00+00:00,70057,2021-09-01 20:30:00+00:00,0.0,3
279323,2023-08-29 14:40:00+00:00,233793,2023-03-24 11:10:00+00:00,0.0,3
279323,2023-08-29 14:40:00+00:00,309170,2023-12-11 05:55:00+00:00,0.0,3
279323,2023-08-29 14:40:00+00:00,182494,2022-09-27 08:15:00+00:00,0.0,3
281313,2023-09-05 12:30:00+00:00,274016,2023-08-11 04:25:00+00:00,0.0,0
281313,2023-09-05 12:30:00+00:00,357260,2024-05-26 05:25:00+00:00,0.0,0
281313,2023-09-05 12:30:00+00:00,292442,2023-10-14 03:55:00+00:00,0.0,0
281313,2023-09-05 12:30:00+00:00,270760,2023-07-30 21:05:00+00:00,0.0,0
281313,2023-09-05 12:30:00+00:00,206087,2022-12-18 06:20:00+00:00,0.0,0
283329,2023-09-12 12:30:00+00:00,545468,2026-03-10 17:25:00+00:00,0.0,3
283329,2023-09-12 12:30:00+00:00,380552,2024-08-15 02:25:00+00:00,0.0,3
283329,2023-09-12 12:30:00+00:00,348418,2024-04-25 12:35:00+00:00,0.0,3
283329,2023-09-12 12:30:00+00:00,156125,2022-06-27 18:50:00+00:00,0.0,3
283329,2023-09-12 12:30:00+00:00,25711,2021-03-31 09:20:00+00:00,0.0,3
285699,2023-09-20 18:00:00+00:00,303076,2023-11-20 02:05:00+00:00,0.0,0
285699,2023-09-20 18:00:00+00:00,451676,2025-04-19 01:25:00+00:00,0.0,0
285699,2023-09-20 18:00:00+00:00,325060,2024-02-04 10:05:00+00:00,0.0,0
285699,2023-09-20 18:00:00+00:00,270790,2023-07-30 23:35:00+00:00,0.0,0
285699,2023-09-20 18:00:00+00:00,495705,2025-09-18 22:30:00+00:00,0.0,0
289953,2023-10-05 12:30:00+00:00,312689,2023-12-23 11:10:00+00:00,0.0,0
289953,2023-10-05 12:30:00+00:00,210112,2023-01-01 05:45:00+00:00,0.0,0
289953,2023-10-05 12:30:00+00:00,434391,2025-02-18 01:00:00+00:00,0.0,0
289953,2023-10-05 12:30:00+00:00,556781,2026-04-19 00:10:00+00:00,0.0,0
289953,2023-10-05 12:30:00+00:00,207003,2022-12-21 10:40:00+00:00,0.0,0
291969,2023-10-12 12:30:00+00:00,567589,2026-05-26 12:50:00+00:00,0.0,0
291969,2023-10-12 12:30:00+00:00,270748,2023-07-30 20:05:00+00:00,0.0,0
291969,2023-10-12 12:30:00+00:00,427812,2025-01-26 04:45:00+00:00,0.0,0
291969,2023-10-12 12:30:00+00:00,523888,2025-12-25 19:05:00+00:00,0.0,0
291969,2023-10-12 12:30:00+00:00,324818,2024-02-03 13:55:00+00:00,0.0,0
297795,2023-11-01 18:00:00+00:00,504545,2025-10-19 15:10:00+00:00,0.0,1
297795,2023-11-01 18:00:00+00:00,222793,2023-02-14 06:30:00+00:00,0.0,1
297795,2023-11-01 18:00:00+00:00,250069,2023-05-20 00:50:00+00:00,0.0,1
297795,2023-11-01 18:00:00+00:00,255812,2023-06-08 23:25:00+00:00,0.0,1
297795,2023-11-01 18:00:00+00:00,221912,2023-02-11 05:05:00+00:00,0.0,1
298881,2023-11-05 12:30:00+00:00,274191,2023-08-11 19:00:00+00:00,0.0,0
298881,2023-11-05 12:30:00+00:00,272964,2023-08-07 12:45:00+00:00,0.0,0
298881,2023-11-05 12:30:00+00:00,226205,2023-02-26 02:50:00+00:00,0.0,0
298881,2023-11-05 12:30:00+00:00,133690,2022-04-10 21:15:00+00:00,0.0,0
298881,2023-11-05 12:30:00+00:00,254763,2023-06-05 08:00:00+00:00,0.0,0
300897,2023-11-12 12:30:00+00:00,183931,2022-10-02 08:00:00+00:00,0.0,0
300897,2023-11-12 12:30:00+00:00,266686,2023-07-16 17:35:00+00:00,0.0,0
300897,2023-11-12 12:30:00+00:00,587349,2026-08-03 03:30:00+00:00,0.0,0
300897,2023-11-12 12:30:00+00:00,456290,2025-05-05 01:55:00+00:00,0.0,0
300897,2023-11-12 12:30:00+00:00,562824,2026-05-09 23:45:00+00:00,0.0,0
303586,2023-11-21 20:35:00+00:00,453127,2025-04-24 02:20:00+00:00,0.0,2
303586,2023-11-21 20:35:00+00:00,55760,2021-07-14 00:35:00+00:00,0.0,2
303586,2023-11-21 20:35:00+00:00,515743,2025-11-27 12:20:00+00:00,0.0,2
303586,2023-11-21 20:35:00+00:00,87116,2021-10-31 04:05:00+00:00,0.0,2
303586,2023-11-21 20:35:00+00:00,102447,2021-12-23 09:40:00+00:00,0.0,2
307521,2023-12-05 12:30:00+00:00,26371,2021-04-02 16:20:00+00:00,0.0,2
307521,2023-12-05 12:30:00+00:00,504224,2025-10-18 12:25:00+00:00,0.0,2
307521,2023-12-05 12:30:00+00:00,487970,2025-08-23 01:55:00+00:00,0.0,2
307521,2023-12-05 12:30:00+00:00,236103,2023-04-01 13:00:00+00:00,0.0,2
307521,2023-12-05 12:30:00+00:00,119264,2022-02-19 19:05:00+00:00,0.0,2
309537,2023-12-12 12:30:00+00:00,89948,2021-11-10 00:05:00+00:00,0.0,3
309537,2023-12-12 12:30:00+00:00,540322,2026-02-20 20:35:00+00:00,0.0,3
309537,2023-12-12 12:30:00+00:00,22715,2021-03-20 23:40:00+00:00,0.0,3
309537,2023-12-12 12:30:00+00:00,35038,2021-05-03 01:45:00+00:00,0.0,3
309537,2023-12-12 12:30:00+00:00,227676,2023-03-03 05:25:00+00:00,0.0,3
309903,2023-12-13 19:00:00+00:00,519675,2025-12-11 04:00:00+00:00,0.0,3
309903,2023-12-13 19:00:00+00:00,511922,2025-11-14 05:55:00+00:00,0.0,3
309903,2023-12-13 19:00:00+00:00,22756,2021-03-21 03:05:00+00:00,0.0,3
309903,2023-12-13 19:00:00+00:00,418256,2024-12-24 00:25:00+00:00,0.0,3
309903,2023-12-13 19:00:00+00:00,156838,2022-06-30 06:15:00+00:00,0.0,3
316449,2024-01-05 12:30:00+00:00,100696,2021-12-17 07:45:00+00:00,0.0,3
316449,2024-01-05 12:30:00+00:00,408254,2024-11-19 06:55:00+00:00,0.0,3
316449,2024-01-05 12:30:00+00:00,78262,2021-09-30 10:15:00+00:00,0.0,3
316449,2024-01-05 12:30:00+00:00,65061,2021-08-15 12:10:00+00:00,0.0,3
316449,2024-01-05 12:30:00+00:00,180680,2022-09-21 01:05:00+00:00,0.0,3
318000,2024-01-10 21:45:00+00:00,153864,2022-06-19 22:25:00+00:00,0.0,4
318000,2024-01-10 21:45:00+00:00,247644,2023-05-11 14:45:00+00:00,0.0,4
318000,2024-01-10 21:45:00+00:00,502252,2025-10-11 16:05:00+00:00,0.0,4
318000,2024-01-10 21:45:00+00:00,182927,2022-09-28 20:20:00+00:00,0.0,4
318000,2024-01-10 21:45:00+00:00,84458,2021-10-21 22:35:00+00:00,0.0,4
318202,2024-01-11 14:35:00+00:00,40480,2021-05-21 23:15:00+00:00,0.0,4
318202,2024-01-11 14:35:00+00:00,5798,2021-01-21 03:10:00+00:00,0.0,4
318202,2024-01-11 14:35:00+00:00,36776,2021-05-09 02:35:00+00:00,0.0,4
318202,2024-01-11 14:35:00+00:00,543792,2026-03-04 21:45:00+00:00,0.0,4
318202,2024-01-11 14:35:00+00:00,592810,2026-08-22 02:35:00+00:00,0.0,4
318465,2024-01-12 12:30:00+00:00,571322,2026-06-08 11:55:00+00:00,0.0,4
318465,2024-01-12 12:30:00+00:00,262035,2023-06-30 14:00:00+00:00,0.0,4
318465,2024-01-12 12:30:00+00:00,44483,2021-06-04 20:50:00+00:00,0.0,4
318465,2024-01-12 12:30:00+00:00,448567,2025-04-08 06:20:00+00:00,0.0,4
318465,2024-01-12 12:30:00+00:00,31222,2021-04-19 12:35:00+00:00,0.0,4
324015,2024-01-31 19:00:00+00:00,405706,2024-11-10 10:35:00+00:00,0.0,2
324015,2024-01-31 19:00:00+00:00,579970,2026-07-08 12:35:00+00:00,0.0,2
324015,2024-01-31 19:00:00+00:00,256209,2023-06-10 08:30:00+00:00,0.0,2
324015,2024-01-31 19:00:00+00:00,336119,2024-03-13 19:40:00+00:00,0.0,2
324015,2024-01-31 19:00:00+00:00,450221,2025-04-14 00:10:00+00:00,0.0,2
325377,2024-02-05 12:30:00+00:00,226368,2023-02-26 16:25:00+00:00,0.0,0
325377,2024-02-05 12:30:00+00:00,184096,2022-10-02 21:45:00+00:00,0.0,0
325377,2024-02-05 12:30:00+00:00,431871,2025-02-09 07:00:00+00:00,0.0,0
325377,2024-02-05 12:30:00+00:00,491649,2025-09-04 20:30:00+00:00,0.0,0
325377,2024-02-05 12:30:00+00:00,208911,2022-12-28 01:40:00+00:00,0.0,0
327393,2024-02-12 12:30:00+00:00,510388,2025-11-08 22:05:00+00:00,0.0,1
327393,2024-02-12 12:30:00+00:00,299706,2023-11-08 09:15:00+00:00,0.0,1
327393,2024-02-12 12:30:00+00:00,583366,2026-07-20 07:35:00+00:00,0.0,1
327393,2024-02-12 12:30:00+00:00,271561,2023-08-02 15:50:00+00:00,0.0,1
327393,2024-02-12 12:30:00+00:00,190415,2022-10-24 20:20:00+00:00,0.0,1
333729,2024-03-05 12:30:00+00:00,406706,2024-11-13 21:55:00+00:00,0.0,4
333729,2024-03-05 12:30:00+00:00,216035,2023-01-21 19:20:00+00:00,0.0,4
333729,2024-03-05 12:30:00+00:00,50300,2021-06-25 01:35:00+00:00,0.0,4
333729,2024-03-05 12:30:00+00:00,16974,2021-02-28 23:45:00+00:00,0.0,4
333729,2024-03-05 12:30:00+00:00,9062,2021-02-01 11:10:00+00:00,0.0,4
335745,2024-03-12 12:30:00+00:00,556542,2026-04-18 04:15:00+00:00,0.0,2
335745,2024-03-12 12:30:00+00:00,407975,2024-11-18 07:40:00+00:00,0.0,2
335745,2024-03-12 12:30:00+00:00,352288,2024-05-08 23:05:00+00:00,0.0,2
335745,2024-03-12 12:30:00+00:00,549618,2026-03-25 03:15:00+00:00,0.0,2
335745,2024-03-12 12:30:00+00:00,527514,2026-01-07 09:15:00+00:00,0.0,2
338115,2024-03-20 18:00:00+00:00,111798,2022-01-24 20:55:00+00:00,0.0,4
338115,2024-03-20 18:00:00+00:00,96422,2021-12-02 11:35:00+00:00,0.0,4
338115,2024-03-20 18:00:00+00:00,276231,2023-08-18 21:00:00+00:00,0.0,4
338115,2024-03-20 18:00:00+00:00,162387,2022-07-19 12:40:00+00:00,0.0,4
338115,2024-03-20 18:00:00+00:00,150498,2022-06-08 05:55:00+00:00,0.0,4
342657,2024-04-05 12:30:00+00:00,164371,2022-07-26 10:00:00+00:00,0.0,3
342657,2024-04-05 12:30:00+00:00,56464,2021-07-16 11:15:00+00:00,0.0,3
342657,2024-04-05 12:30:00+00:00,431512,2025-02-08 01:05:00+00:00,0.0,3
342657,2024-04-05 12:30:00+00:00,225126,2023-02-22 08:55:00+00:00,0.0,3
342657,2024-04-05 12:30:00+00:00,159707,2022-07-10 05:20:00+00:00,0.0,3
344673,2024-04-12 12:30:00+00:00,260998,2023-06-26 23:35:00+00:00,0.0,2
344673,2024-04-12 12:30:00+00:00,515232,2025-11-25 17:45:00+00:00,0.0,2
344673,2024-04-12 12:30:00+00:00,235710,2023-03-31 04:15:00+00:00,0.0,2
344673,2024-04-12 12:30:00+00:00,258126,2023-06-17 00:15:00+00:00,0.0,2
344673,2024-04-12 12:30:00+00:00,575987,2026-06-24 16:40:00+00:00,0.0,2
346830,2024-04-20 00:15:00+00:00,334751,2024-03-09 01:40:00+00:00,0.0,4
346830,2024-04-20 00:15:00+00:00,427309,2025-01-24 10:50:00+00:00,0.0,4
346830,2024-04-20 00:15:00+00:00,345905,2024-04-16 19:10:00+00:00,0.0,4
346830,2024-04-20 00:15:00+00:00,35554,2021-05-04 20:45:00+00:00,0.0,4
346830,2024-04-20 00:15:00+00:00,50434,2021-06-25 12:45:00+00:00,0.0,4
350211,2024-05-01 18:00:00+00:00,80099,2021-10-06 19:20:00+00:00,0.0,4
350211,2024-05-01 18:00:00+00:00,430608,2025-02-04 21:45:00+00:00,0.0,4
350211,2024-05-01 18:00:00+00:00,144735,2022-05-19 05:40:00+00:00,0.0,4
350211,2024-05-01 18:00:00+00:00,143430,2022-05-14 16:55:00+00:00,0.0,4
350211,2024-05-01 18:00:00+00:00,49201,2021-06-21 06:00:00+00:00,0.0,4
351297,2024-05-05 12:30:00+00:00,399245,2024-10-19 00:10:00+00:00,0.0,1
351297,2024-05-05 12:30:00+00:00,532989,2026-01-26 09:30:00+00:00,0.0,1
351297,2024-05-05 12:30:00+00:00,129254,2022-03-26 11:35:00+00:00,0.0,1
351297,2024-05-05 12:30:00+00:00,501411,2025-10-08 18:00:00+00:00,0.0,1
351297,2024-05-05 12:30:00+00:00,506665,2025-10-26 23:50:00+00:00,0.0,1
353313,2024-05-12 12:30:00+00:00,270183,2023-07-28 21:00:00+00:00,0.0,0
353313,2024-05-12 12:30:00+00:00,212792,2023-01-10 13:05:00+00:00,0.0,0
353313,2024-05-12 12:30:00+00:00,286553,2023-09-23 17:10:00+00:00,0.0,0
353313,2024-05-12 12:30:00+00:00,312838,2023-12-23 23:35:00+00:00,0.0,0
353313,2024-05-12 12:30:00+00:00,564774,2026-05-16 18:15:00+00:00,0.0,0
360225,2024-06-05 12:30:00+00:00,216390,2023-01-23 00:55:00+00:00,0.0,2
360225,2024-06-05 12:30:00+00:00,233263,2023-03-22 15:00:00+00:00,0.0,2
360225,2024-06-05 12:30:00+00:00,512671,2025-11-16 20:20:00+00:00,0.0,2
360225,2024-06-05 12:30:00+00:00,374975,2024-07-26 17:40:00+00:00,0.0,2
360225,2024-06-05 12:30:00+00:00,74354,2021-09-16 18:35:00+00:00,0.0,2
362241,2024-06-12 12:30:00+00:00,73835,2021-09-14 23:20:00+00:00,0.0,3
362241,2024-06-12 12:30:00+00:00,592937,2026-08-22 13:10:00+00:00,0.0,3
362241,2024-06-12 12:30:00+00:00,364006,2024-06-18 15:35:00+00:00,0.0,3
362241,2024-06-12 12:30:00+00:00,74428,2021-09-17 00:45:00+00:00,0.0,3
362241,2024-06-12 12:30:00+00:00,350790,2024-05-03 18:15:00+00:00,0.0,3
362307,2024-06-12 18:00:00+00:00,144265,2022-05-17 14:30:00+00:00,0.0,3
362307,2024-06-12 18:00:00+00:00,259202,2023-06-20 17:55:00+00:00,0.0,3
362307,2024-06-12 18:00:00+00:00,66955,2021-08-22 02:00:00+00:00,0.0,3
362307,2024-06-12 18:00:00+00:00,65327,2021-08-16 10:20:00+00:00,0.0,3
362307,2024-06-12 18:00:00+00:00,235775,2023-03-31 09:40:00+00:00,0.0,3
368865,2024-07-05 12:30:00+00:00,93658,2021-11-22 21:15:00+00:00,0.0,4
368865,2024-07-05 12:30:00+00:00,13616,2021-02-17 07:55:00+00:00,0.0,4
368865,2024-07-05 12:30:00+00:00,49881,2021-06-23 14:40:00+00:00,0.0,4
368865,2024-07-05 12:30:00+00:00,82105,2021-10-13 18:30:00+00:00,0.0,4
368865,2024-07-05 12:30:00+00:00,45611,2021-06-08 18:50:00+00:00,0.0,4
370881,2024-07-12 12:30:00+00:00,235244,2023-03-29 13:25:00+00:00,0.0,3
370881,2024-07-12 12:30:00+00:00,123590,2022-03-06 19:35:00+00:00,0.0,3
370881,2024-07-12 12:30:00+00:00,114464,2022-02-03 03:05:00+00:00,0.0,3
370881,2024-07-12 12:30:00+00:00,115935,2022-02-08 05:40:00+00:00,0.0,3
370881,2024-07-12 12:30:00+00:00,342092,2024-04-03 13:25:00+00:00,0.0,3
374061,2024-07-23 13:30:00+00:00,101184,2021-12-19 00:25:00+00:00,0.0,2
374061,2024-07-23 13:30:00+00:00,521106,2025-12-16 03:15:00+00:00,0.0,2
374061,2024-07-23 13:30:00+00:00,242819,2023-04-24 20:40:00+00:00,0.0,2
374061,2024-07-23 13:30:00+00:00,381220,2024-08-17 10:05:00+00:00,0.0,2
374061,2024-07-23 13:30:00+00:00,547114,2026-03-16 10:35:00+00:00,0.0,2
376419,2024-07-31 18:00:00+00:00,185223,2022-10-06 19:40:00+00:00,0.0,2
376419,2024-07-31 18:00:00+00:00,502004,2025-10-10 19:25:00+00:00,0.0,2
376419,2024-07-31 18:00:00+00:00,389129,2024-09-13 21:10:00+00:00,0.0,2
376419,2024-07-31 18:00:00+00:00,549693,2026-03-25 09:30:00+00:00,0.0,2
376419,2024-07-31 18:00:00+00:00,67657,2021-08-24 12:30:00+00:00,0.0,2
377793,2024-08-05 12:30:00+00:00,154223,2022-06-21 04:20:00+00:00,0.0,4
377793,2024-08-05 12:30:00+00:00,61761,2021-08-03 20:40:00+00:00,0.0,4
377793,2024-08-05 12:30:00+00:00,97083,2021-12-04 18:40:00+00:00,0.0,4
377793,2024-08-05 12:30:00+00:00,178571,2022-09-13 17:20:00+00:00,0.0,4
377793,2024-08-05 12:30:00+00:00,437045,2025-02-27 06:10:00+00:00,0.0,4
379809,2024-08-12 12:30:00+00:00,379244,2024-08-10 13:25:00+00:00,0.0,3
379809,2024-08-12 12:30:00+00:00,510165,2025-11-08 03:30:00+00:00,0.0,3
379809,2024-08-12 12:30:00+00:00,22694,2021-03-20 21:55:00+00:00,0.0,3
379809,2024-08-12 12:30:00+00:00,521228,2025-12-16 13:25:00+00:00,0.0,3
379809,2024-08-12 12:30:00+00:00,187542,2022-10-14 20:55:00+00:00,0.0,3
386721,2024-09-05 12:30:00+00:00,317403,2024-01-08 20:00:00+00:00,0.0,3
386721,2024-09-05 12:30:00+00:00,138218,2022-04-26 14:35:00+00:00,0.0,3
386721,2024-09-05 12:30:00+00:00,232505,2023-03-19 23:50:00+00:00,0.0,3
386721,2024-09-05 12:30:00+00:00,570856,2026-06-06 21:05:00+00:00,0.0,3
386721,2024-09-05 12:30:00+00:00,577435,2026-06-29 17:20:00+00:00,0.0,3
388737,2024-09-12 12:30:00+00:00,521968,2025-12-19 03:05:00+00:00,0.0,3
388737,2024-09-12 12:30:00+00:00,62032,2021-08-04 19:15:00+00:00,0.0,3
388737,2024-09-12 12:30:00+00:00,139091,2022-04-29 15:20:00+00:00,0.0,3
388737,2024-09-12 12:30:00+00:00,593664,2026-08-25 01:45:00+00:00,0.0,3
388737,2024-09-12 12:30:00+00:00,62011,2021-08-04 17:30:00+00:00,0.0,3
390531,2024-09-18 18:00:00+00:00,146767,2022-05-26 07:00:00+00:00,0.0,2
390531,2024-09-18 18:00:00+00:00,311564,2023-12-19 13:25:00+00:00,0.0,2
390531,2024-09-18 18:00:00+00:00,519123,2025-12-09 06:00:00+00:00,0.0,2
390531,2024-09-18 18:00:00+00:00,109968,2022-01-18 12:25:00+00:00,0.0,2
390531,2024-09-18 18:00:00+00:00,131327,2022-04-02 16:20:00+00:00,0.0,2
395361,2024-10-05 12:30:00+00:00,318981,2024-01-14 07:30:00+00:00,0.0,1
395361,2024-10-05 12:30:00+00:00,219177,2023-02-01 17:10:00+00:00,0.0,1
395361,2024-10-05 12:30:00+00:00,477284,2025-07-16 23:25:00+00:00,0.0,1
395361,2024-10-05 12:30:00+00:00,518702,2025-12-07 18:55:00+00:00,0.0,1
395361,2024-10-05 12:30:00+00:00,313994,2023-12-27 23:55:00+00:00,0.0,1
397377,2024-10-12 12:30:00+00:00,169995,2022-08-14 22:40:00+00:00,0.0,1
397377,2024-10-12 12:30:00+00:00,596313,2026-09-03 06:30:00+00:00,0.0,1
397377,2024-10-12 12:30:00+00:00,176096,2022-09-05 03:05:00+00:00,0.0,1
397377,2024-10-12 12:30:00+00:00,429802,2025-02-02 02:35:00+00:00,0.0,1
397377,2024-10-12 12:30:00+00:00,454938,2025-04-30 09:15:00+00:00,0.0,1
404289,2024-11-05 12:30:00+00:00,128330,2022-03-23 06:35:00+00:00,0.0,2
404289,2024-11-05 12:30:00+00:00,103384,2021-12-26 15:45:00+00:00,0.0,2
404289,2024-11-05 12:30:00+00:00,315594,2024-01-02 13:15:00+00:00,0.0,2
404289,2024-11-05 12:30:00+00:00,373566,2024-07-21 20:15:00+00:00,0.0,2
404289,2024-11-05 12:30:00+00:00,241614,2023-04-20 16:15:00+00:00,0.0,2
404500,2024-11-06 06:05:00+00:00,153700,2022-06-19 08:45:00+00:00,0.0,4
404500,2024-11-06 06:05:00+00:00,23319,2021-03-23 02:00:00+00:00,0.0,4
404500,2024-11-06 06:05:00+00:00,337393,2024-03-18 05:50:00+00:00,0.0,4
404500,2024-11-06 06:05:00+00:00,19053,2021-03-08 06:30:00+00:00,0.0,4
404500,2024-11-06 06:05:00+00:00,535185,2026-02-03 00:30:00+00:00,0.0,4
404943,2024-11-07 19:00:00+00:00,392333,2024-09-25 00:10:00+00:00,0.0,2
404943,2024-11-07 19:00:00+00:00,118513,2022-02-17 04:30:00+00:00,0.0,2
404943,2024-11-07 19:00:00+00:00,109891,2022-01-18 06:00:00+00:00,0.0,2
404943,2024-11-07 19:00:00+00:00,503077,2025-10-14 12:50:00+00:00,0.0,2
404943,2024-11-07 19:00:00+00:00,395120,2024-10-04 16:25:00+00:00,0.0,2
406305,2024-11-12 12:30:00+00:00,16925,2021-02-28 19:40:00+00:00,0.0,4
406305,2024-11-12 12:30:00+00:00,368794,2024-07-05 06:35:00+00:00,0.0,4
406305,2024-11-12 12:30:00+00:00,51471,2021-06-29 03:10:00+00:00,0.0,4
406305,2024-11-12 12:30:00+00:00,32857,2021-04-25 12:00:00+00:00,0.0,4
406305,2024-11-12 12:30:00+00:00,60776,2021-07-31 10:35:00+00:00,0.0,4
412929,2024-12-05 12:30:00+00:00,97763,2021-12-07 03:20:00+00:00,0.0,4
412929,2024-12-05 12:30:00+00:00,50537,2021-06-25 21:20:00+00:00,0.0,4
412929,2024-12-05 12:30:00+00:00,116869,2022-02-11 11:30:00+00:00,0.0,4
412929,2024-12-05 12:30:00+00:00,7047,2021-01-25 11:15:00+00:00,0.0,4
412929,2024-12-05 12:30:00+00:00,107885,2022-01-11 06:50:00+00:00,0.0,4
414945,2024-12-12 12:30:00+00:00,552166,2026-04-02 23:35:00+00:00,0.0,2
414945,2024-12-12 12:30:00+00:00,382132,2024-08-20 14:05:00+00:00,0.0,2
414945,2024-12-12 12:30:00+00:00,594909,2026-08-29 09:30:00+00:00,0.0,2
414945,2024-12-12 12:30:00+00:00,394285,2024-10-01 18:50:00+00:00,0.0,2
414945,2024-12-12 12:30:00+00:00,119236,2022-02-19 16:45:00+00:00,0.0,2
416751,2024-12-18 19:00:00+00:00,226050,2023-02-25 13:55:00+00:00,0.0,2
416751,2024-12-18 19:00:00+00:00,343773,2024-04-09 09:30:00+00:00,0.0,2
416751,2024-12-18 19:00:00+00:00,376320,2024-07-31 09:45:00+00:00,0.0,2
416751,2024-12-18 19:00:00+00:00,364227,2024-06-19 10:00:00+00:00,0.0,2
416751,2024-12-18 19:00:00+00:00,303297,2023-11-20 20:30:00+00:00,0.0,2
421857,2025-01-05 12:30:00+00:00,565925,2026-05-20 18:10:00+00:00,0.0,0
421857,2025-01-05 12:30:00+00:00,567110,2026-05-24 20:55:00+00:00,0.0,0
421857,2025-01-05 12:30:00+00:00,572849,2026-06-13 19:10:00+00:00,0.0,0
421857,2025-01-05 12:30:00+00:00,560689,2026-05-02 13:50:00+00:00,0.0,0
421857,2025-01-05 12:30:00+00:00,516598,2025-11-30 11:35:00+00:00,0.0,0
423873,2025-01-12 12:30:00+00:00,137534,2022-04-24 05:35:00+00:00,0.0,0
423873,2025-01-12 12:30:00+00:00,389682,2024-09-15 19:15:00+00:00,0.0,0
423873,2025-01-12 12:30:00+00:00,262662,2023-07-02 18:15:00+00:00,0.0,0
423873,2025-01-12 12:30:00+00:00,264374,2023-07-08 16:55:00+00:00,0.0,0
423873,2025-01-12 12:30:00+00:00,595015,2026-08-29 18:20:00+00:00,0.0,0
428847,2025-01-29 19:00:00+00:00,538626,2026-02-14 23:15:00+00:00,0.0,1
428847,2025-01-29 19:00:00+00:00,322258,2024-01-25 16:35:00+00:00,0.0,1
428847,2025-01-29 19:00:00+00:00,582067,2026-07-15 19:20:00+00:00,0.0,1
428847,2025-01-29 19:00:00+00:00,477312,2025-07-17 01:45:00+00:00,0.0,1
428847,2025-01-29 19:00:00+00:00,455197,2025-05-01 06:50:00+00:00,0.0,1
430785,2025-02-05 12:30:00+00:00,452996,2025-04-23 15:25:00+00:00,0.0,3
430785,2025-02-05 12:30:00+00:00,321667,2024-01-23 15:20:00+00:00,0.0,3
430785,2025-02-05 12:30:00+00:00,77449,2021-09-27 12:30:00+00:00,0.0,3
430785,2025-02-05 12:30:00+00:00,79367,2021-10-04 06:20:00+00:00,0.0,3
430785,2025-02-05 12:30:00+00:00,105101,2022-01-01 14:50:00+00:00,0.0,3
432801,2025-02-12 12:30:00+00:00,491064,2025-09-02 19:45:00+00:00,0.0,1
432801,2025-02-12 12:30:00+00:00,586057,2026-07-29 15:50:00+00:00,0.0,1
432801,2025-02-12 12:30:00+00:00,521419,2025-12-17 05:20:00+00:00,0.0,1
432801,2025-02-12 12:30:00+00:00,483722,2025-08-08 07:55:00+00:00,0.0,1
432801,2025-02-12 12:30:00+00:00,188810,2022-10-19 06:35:00+00:00,0.0,1
433395,2025-02-14 14:00:00+00:00,305893,2023-11-29 20:50:00+00:00,0.0,1
433395,2025-02-14 14:00:00+00:00,587632,2026-08-04 03:05:00+00:00,0.0,1
433395,2025-02-14 14:00:00+00:00,525381,2025-12-30 23:30:00+00:00,0.0,1
433395,2025-02-14 14:00:00+00:00,432755,2025-02-12 08:40:00+00:00,0.0,1
433395,2025-02-14 14:00:00+00:00,186699,2022-10-11 22:40:00+00:00,0.0,1
438849,2025-03-05 12:30:00+00:00,243406,2023-04-26 21:35:00+00:00,0.0,4
438849,2025-03-05 12:30:00+00:00,162138,2022-07-18 15:55:00+00:00,0.0,4
438849,2025-03-05 12:30:00+00:00,40940,2021-05-23 13:35:00+00:00,0.0,4
438849,2025-03-05 12:30:00+00:00,126319,2022-03-16 07:00:00+00:00,0.0,4
438849,2025-03-05 12:30:00+00:00,31390,2021-04-20 05:05:00+00:00,0.0,4
440865,2025-03-12 12:30:00+00:00,426440,2025-01-21 10:25:00+00:00,0.0,4
440865,2025-03-12 12:30:00+00:00,183201,2022-09-29 19:10:00+00:00,0.0,4
440865,2025-03-12 12:30:00+00:00,152530,2022-06-15 07:15:00+00:00,0.0,4
440865,2025-03-12 12:30:00+00:00,293213,2023-10-16 20:10:00+00:00,0.0,4
440865,2025-03-12 12:30:00+00:00,17584,2021-03-03 02:35:00+00:00,0.0,4
442947,2025-03-19 18:00:00+00:00,450131,2025-04-13 16:40:00+00:00,0.0,1
442947,2025-03-19 18:00:00+00:00,595913,2026-09-01 21:10:00+00:00,0.0,1
442947,2025-03-19 18:00:00+00:00,189218,2022-10-20 16:35:00+00:00,0.0,1
442947,2025-03-19 18:00:00+00:00,333171,2024-03-03 14:00:00+00:00,0.0,1
442947,2025-03-19 18:00:00+00:00,504898,2025-10-20 20:35:00+00:00,0.0,1
447777,2025-04-05 12:30:00+00:00,83596,2021-10-18 22:45:00+00:00,0.0,3
447777,2025-04-05 12:30:00+00:00,149176,2022-06-03 15:45:00+00:00,0.0,3
447777,2025-04-05 12:30:00+00:00,335432,2024-03-11 10:25:00+00:00,0.0,3
447777,2025-04-05 12:30:00+00:00,544324,2026-03-06 18:05:00+00:00,0.0,3
447777,2025-04-05 12:30:00+00:00,134709,2022-04-14 10:10:00+00:00,0.0,3
449793,2025-04-12 12:30:00+00:00,68745,2021-08-28 07:10:00+00:00,0.0,2
449793,2025-04-12 12:30:00+00:00,265912,2023-07-14 01:05:00+00:00,0.0,2
449793,2025-04-12 12:30:00+00:00,546512,2026-03-14 08:25:00+00:00,0.0,2
449793,2025-04-12 12:30:00+00:00,266143,2023-07-14 20:20:00+00:00,0.0,2
449793,2025-04-12 12:30:00+00:00,371496,2024-07-14 15:45:00+00:00,0.0,2
456417,2025-05-05 12:30:00+00:00,203208,2022-12-08 06:25:00+00:00,0.0,0
456417,2025-05-05 12:30:00+00:00,496953,2025-09-23 06:30:00+00:00,0.0,0
456417,2025-05-05 12:30:00+00:00,468069,2025-06-14 23:30:00+00:00,0.0,0
456417,2025-05-05 12:30:00+00:00,508320,2025-11-01 17:45:00+00:00,0.0,0
456417,2025-05-05 12:30:00+00:00,401642,2024-10-27 07:55:00+00:00,0.0,0
457059,2025-05-07 18:00:00+00:00,582663,2026-07-17 21:00:00+00:00,0.0,1
457059,2025-05-07 18:00:00+00:00,477283,2025-07-16 23:20:00+00:00,0.0,1
457059,2025-05-07 18:00:00+00:00,595955,2026-09-02 00:40:00+00:00,0.0,1
457059,2025-05-07 18:00:00+00:00,299820,2023-11-08 18:45:00+00:00,0.0,1
457059,2025-05-07 18:00:00+00:00,226955,2023-02-28 17:20:00+00:00,0.0,1
458433,2025-05-12 12:30:00+00:00,349122,2024-04-27 23:15:00+00:00,0.0,2
458433,2025-05-12 12:30:00+00:00,301811,2023-11-15 16:40:00+00:00,0.0,2
458433,2025-05-12 12:30:00+00:00,365678,2024-06-24 10:55:00+00:00,0.0,2
458433,2025-05-12 12:30:00+00:00,544550,2026-03-07 12:55:00+00:00,0.0,2
458433,2025-05-12 12:30:00+00:00,71079,2021-09-05 09:40:00+00:00,0.0,2
465345,2025-06-05 12:30:00+00:00,220235,2023-02-05 09:20:00+00:00,0.0,0
465345,2025-06-05 12:30:00+00:00,564958,2026-05-17 09:35:00+00:00,0.0,0
465345,2025-06-05 12:30:00+00:00,489767,2025-08-29 07:40:00+00:00,0.0,0
465345,2025-06-05 12:30:00+00:00,149643,2022-06-05 06:40:00+00:00,0.0,0
465345,2025-06-05 12:30:00+00:00,532658,2026-01-25 05:55:00+00:00,0.0,0
466774,2025-06-10 11:35:00+00:00,459577,2025-05-16 11:50:00+00:00,0.0,1
466774,2025-06-10 11:35:00+00:00,322500,2024-01-26 12:45:00+00:00,0.0,1
466774,2025-06-10 11:35:00+00:00,367740,2024-07-01 14:45:00+00:00,0.0,1
466774,2025-06-10 11:35:00+00:00,294878,2023-10-22 14:55:00+00:00,0.0,1
466774,2025-06-10 11:35:00+00:00,512584,2025-11-16 13:05:00+00:00,0.0,1
467361,2025-06-12 12:30:00+00:00,226445,2023-02-26 22:50:00+00:00,0.0,1
467361,2025-06-12 12:30:00+00:00,462850,2025-05-27 20:35:00+00:00,0.0,1
467361,2025-06-12 12:30:00+00:00,303172,2023-11-20 10:05:00+00:00,0.0,1
467361,2025-06-12 12:30:00+00:00,312641,2023-12-23 07:10:00+00:00,0.0,1
467361,2025-06-12 12:30:00+00:00,533442,2026-01-27 23:15:00+00:00,0.0,1
469155,2025-06-18 18:00:00+00:00,458290,2025-05-12 00:35:00+00:00,0.0,1
469155,2025-06-18 18:00:00+00:00,291199,2023-10-09 20:20:00+00:00,0.0,1
469155,2025-06-18 18:00:00+00:00,136348,2022-04-20 02:45:00+00:00,0.0,1
469155,2025-06-18 18:00:00+00:00,282142,2023-09-08 09:35:00+00:00,0.0,1
469155,2025-06-18 18:00:00+00:00,459676,2025-05-16 20:05:00+00:00,0.0,1
473985,2025-07-05 12:30:00+00:00,297129,2023-10-30 10:30:00+00:00,0.0,0
473985,2025-07-05 12:30:00+00:00,496126,2025-09-20 09:35:00+00:00,0.0,0
473985,2025-07-05 12:30:00+00:00,443831,2025-03-22 19:40:00+00:00,0.0,0
473985,2025-07-05 12:30:00+00:00,498882,2025-09-29 23:15:00+00:00,0.0,0
473985,2025-07-05 12:30:00+00:00,272134,2023-08-04 15:35:00+00:00,0.0,0
476001,2025-07-12 12:30:00+00:00,411899,2024-12-01 22:40:00+00:00,0.0,0
476001,2025-07-12 12:30:00+00:00,298594,2023-11-04 12:35:00+00:00,0.0,0
476001,2025-07-12 12:30:00+00:00,597965,2026-09-09 00:10:00+00:00,0.0,0
476001,2025-07-12 12:30:00+00:00,441975,2025-03-16 09:00:00+00:00,0.0,0
476001,2025-07-12 12:30:00+00:00,562775,2026-05-09 19:40:00+00:00,0.0,0
481251,2025-07-30 18:00:00+00:00,469528,2025-06-20 01:05:00+00:00,0.0,0
481251,2025-07-30 18:00:00+00:00,578923,2026-07-04 21:20:00+00:00,0.0,0
481251,2025-07-30 18:00:00+00:00,341081,2024-03-31 01:10:00+00:00,0.0,0
481251,2025-07-30 18:00:00+00:00,287659,2023-09-27 13:20:00+00:00,0.0,0
481251,2025-07-30 18:00:00+00:00,135395,2022-04-16 19:20:00+00:00,0.0,0
482913,2025-08-05 12:30:00+00:00,204285,2022-12-12 00:10:00+00:00,0.0,0
482913,2025-08-05 12:30:00+00:00,224292,2023-02-19 11:25:00+00:00,0.0,0
482913,2025-08-05 12:30:00+00:00,597200,2026-09-06 08:25:00+00:00,0.0,0
482913,2025-08-05 12:30:00+00:00,498724,2025-09-29 10:05:00+00:00,0.0,0
482913,2025-08-05 12:30:00+00:00,488290,2025-08-24 04:35:00+00:00,0.0,0
484929,2025-08-12 12:30:00+00:00,364690,2024-06-21 00:35:00+00:00,0.0,1
484929,2025-08-12 12:30:00+00:00,375210,2024-07-27 13:15:00+00:00,0.0,1
484929,2025-08-12 12:30:00+00:00,599838,2026-09-15 12:15:00+00:00,0.0,1
484929,2025-08-12 12:30:00+00:00,355467,2024-05-20 00:00:00+00:00,0.0,1
484929,2025-08-12 12:30:00+00:00,314406,2023-12-29 10:15:00+00:00,0.0,1
491841,2025-09-05 12:30:00+00:00,186272,2022-10-10 11:05:00+00:00,0.0,0
491841,2025-09-05 12:30:00+00:00,312783,2023-12-23 19:00:00+00:00,0.0,0
491841,2025-09-05 12:30:00+00:00,493243,2025-09-10 09:20:00+00:00,0.0,0
491841,2025-09-05 12:30:00+00:00,251985,2023-05-26 16:30:00+00:00,0.0,0
491841,2025-09-05 12:30:00+00:00,262454,2023-07-02 00:55:00+00:00,0.0,0
493857,2025-09-12 12:30:00+00:00,220098,2023-02-04 21:55:00+00:00,0.0,0
493857,2025-09-12 12:30:00+00:00,240415,2023-04-16 12:20:00+00:00,0.0,0
493857,2025-09-12 12:30:00+00:00,209899,2022-12-31 12:00:00+00:00,0.0,0
493857,2025-09-12 12:30:00+00:00,282515,2023-09-09 16:40:00+00:00,0.0,0
493857,2025-09-12 12:30:00+00:00,460211,2025-05-18 16:40:00+00:00,0.0,0
495363,2025-09-17 18:00:00+00:00,183996,2022-10-02 13:25:00+00:00,0.0,0
495363,2025-09-17 18:00:00+00:00,368156,2024-07-03 01:25:00+00:00,0.0,0
495363,2025-09-17 18:00:00+00:00,365525,2024-06-23 22:10:00+00:00,0.0,0
495363,2025-09-17 18:00:00+00:00,135709,2022-04-17 21:30:00+00:00,0.0,0
495363,2025-09-17 18:00:00+00:00,207267,2022-12-22 08:40:00+00:00,0.0,0
500481,2025-10-05 12:30:00+00:00,573578,2026-06-16 07:55:00+00:00,0.0,1
500481,2025-10-05 12:30:00+00:00,391290,2024-09-21 09:15:00+00:00,0.0,1
500481,2025-10-05 12:30:00+00:00,522959,2025-12-22 13:40:00+00:00,0.0,1
500481,2025-10-05 12:30:00+00:00,308277,2023-12-08 03:30:00+00:00,0.0,1
500481,2025-10-05 12:30:00+00:00,595388,2026-08-31 01:25:00+00:00,0.0,1
502497,2025-10-12 12:30:00+00:00,447328,2025-04-03 23:05:00+00:00,0.0,2
502497,2025-10-12 12:30:00+00:00,391030,2024-09-20 11:35:00+00:00,0.0,2
502497,2025-10-12 12:30:00+00:00,460858,2025-05-20 22:35:00+00:00,0.0,2
502497,2025-10-12 12:30:00+00:00,550267,2026-03-27 09:20:00+00:00,0.0,2
502497,2025-10-12 12:30:00+00:00,107649,2022-01-10 11:10:00+00:00,0.0,2
505428,2025-10-22 16:45:00+00:00,600058,2026-09-16 06:35:00+00:00,0.0,3
505428,2025-10-22 16:45:00+00:00,430600,2025-02-04 21:05:00+00:00,0.0,3
505428,2025-10-22 16:45:00+00:00,300,2021-01-02 01:00:00+00:00,0.0,3
505428,2025-10-22 16:45:00+00:00,89849,2021-11-09 15:50:00+00:00,0.0,3
505428,2025-10-22 16:45:00+00:00,86912,2021-10-30 11:05:00+00:00,0.0,3
509409,2025-11-05 12:30:00+00:00,338490,2024-03-22 01:15:00+00:00,0.0,4
509409,2025-11-05 12:30:00+00:00,111911,2022-01-25 06:20:00+00:00,0.0,4
509409,2025-11-05 12:30:00+00:00,315940,2024-01-03 18:05:00+00:00,0.0,4
509409,2025-11-05 12:30:00+00:00,592772,2026-08-21 23:25:00+00:00,0.0,4
509409,2025-11-05 12:30:00+00:00,49227,2021-06-21 08:10:00+00:00,0.0,4
509487,2025-11-05 19:00:00+00:00,34511,2021-05-01 05:50:00+00:00,0.0,3
509487,2025-11-05 19:00:00+00:00,168760,2022-08-10 15:45:00+00:00,0.0,3
509487,2025-11-05 19:00:00+00:00,354284,2024-05-15 21:25:00+00:00,0.0,3
509487,2025-11-05 19:00:00+00:00,180775,2022-09-21 09:00:00+00:00,0.0,3
509487,2025-11-05 19:00:00+00:00,424230,2025-01-13 18:15:00+00:00,0.0,3
511425,2025-11-12 12:30:00+00:00,226546,2023-02-27 07:15:00+00:00,0.0,1
511425,2025-11-12 12:30:00+00:00,131657,2022-04-03 19:50:00+00:00,0.0,1
511425,2025-11-12 12:30:00+00:00,221438,2023-02-09 13:35:00+00:00,0.0,1
511425,2025-11-12 12:30:00+00:00,366382,2024-06-26 21:35:00+00:00,0.0,1
511425,2025-11-12 12:30:00+00:00,500891,2025-10-06 22:40:00+00:00,0.0,1
518049,2025-12-05 12:30:00+00:00,426931,2025-01-23 03:20:00+00:00,0.0,2
518049,2025-12-05 12:30:00+00:00,431588,2025-02-08 07:25:00+00:00,0.0,2
518049,2025-12-05 12:30:00+00:00,555496,2026-04-14 13:05:00+00:00,0.0,2
518049,2025-12-05 12:30:00+00:00,477103,2025-07-16 08:20:00+00:00,0.0,2
518049,2025-12-05 12:30:00+00:00,529726,2026-01-15 01:35:00+00:00,0.0,2
520065,2025-12-12 12:30:00+00:00,527579,2026-01-07 14:40:00+00:00,0.0,2
520065,2025-12-12 12:30:00+00:00,381230,2024-08-17 10:55:00+00:00,0.0,2
520065,2025-12-12 12:30:00+00:00,414075,2024-12-09 12:00:00+00:00,0.0,2
520065,2025-12-12 12:30:00+00:00,55268,2021-07-12 07:35:00+00:00,0.0,2
520065,2025-12-12 12:30:00+00:00,172934,2022-08-25 03:35:00+00:00,0.0,2
521583,2025-12-17 19:00:00+00:00,176699,2022-09-07 05:20:00+00:00,0.0,3
521583,2025-12-17 19:00:00+00:00,146371,2022-05-24 22:00:00+00:00,0.0,3
521583,2025-12-17 19:00:00+00:00,95753,2021-11-30 03:50:00+00:00,0.0,3
521583,2025-12-17 19:00:00+00:00,30670,2021-04-17 14:35:00+00:00,0.0,3
521583,2025-12-17 19:00:00+00:00,90543,2021-11-12 01:40:00+00:00,0.0,3
526977,2026-01-05 12:30:00+00:00,496563,2025-09-21 22:00:00+00:00,0.0,0
526977,2026-01-05 12:30:00+00:00,220903,2023-02-07 17:00:00+00:00,0.0,0
526977,2026-01-05 12:30:00+00:00,530548,2026-01-17 22:05:00+00:00,0.0,0
526977,2026-01-05 12:30:00+00:00,335060,2024-03-10 03:25:00+00:00,0.0,0
526977,2026-01-05 12:30:00+00:00,591031,2026-08-15 22:20:00+00:00,0.0,0
528993,2026-01-12 12:30:00+00:00,397214,2024-10-11 22:55:00+00:00,0.0,1
528993,2026-01-12 12:30:00+00:00,400873,2024-10-24 15:50:00+00:00,0.0,1
528993,2026-01-12 12:30:00+00:00,387455,2024-09-08 01:40:00+00:00,0.0,1
528993,2026-01-12 12:30:00+00:00,464011,2025-05-31 21:20:00+00:00,0.0,1
528993,2026-01-12 12:30:00+00:00,239613,2023-04-13 17:30:00+00:00,0.0,1
533679,2026-01-28 19:00:00+00:00,279739,2023-08-31 01:20:00+00:00,0.0,1
533679,2026-01-28 19:00:00+00:00,464846,2025-06-03 18:55:00+00:00,0.0,1
533679,2026-01-28 19:00:00+00:00,226141,2023-02-25 21:30:00+00:00,0.0,1
533679,2026-01-28 19:00:00+00:00,109537,2022-01-17 00:30:00+00:00,0.0,1
533679,2026-01-28 19:00:00+00:00,506790,2025-10-27 10:15:00+00:00,0.0,1
535905,2026-02-05 12:30:00+00:00,23836,2021-03-24 21:05:00+00:00,0.0,4
535905,2026-02-05 12:30:00+00:00,48512,2021-06-18 20:35:00+00:00,0.0,4
535905,2026-02-05 12:30:00+00:00,295309,2023-10-24 02:50:00+00:00,0.0,4
535905,2026-02-05 12:30:00+00:00,4736,2021-01-17 10:40:00+00:00,0.0,4
535905,2026-02-05 12:30:00+00:00,75897,2021-09-22 03:10:00+00:00,0.0,4
537921,2026-02-12 12:30:00+00:00,150172,2022-06-07 02:45:00+00:00,0.0,3
537921,2026-02-12 12:30:00+00:00,54477,2021-07-09 13:40:00+00:00,0.0,3
537921,2026-02-12 12:30:00+00:00,423551,2025-01-11 09:40:00+00:00,0.0,3
537921,2026-02-12 12:30:00+00:00,114706,2022-02-03 23:15:00+00:00,0.0,3
537921,2026-02-12 12:30:00+00:00,428230,2025-01-27 15:35:00+00:00,0.0,3
543969,2026-03-05 12:30:00+00:00,29617,2021-04-13 22:50:00+00:00,0.0,3
543969,2026-03-05 12:30:00+00:00,377005,2024-08-02 18:50:00+00:00,0.0,3
543969,2026-03-05 12:30:00+00:00,213232,2023-01-12 01:45:00+00:00,0.0,3
543969,2026-03-05 12:30:00+00:00,110070,2022-01-18 20:55:00+00:00,0.0,3
543969,2026-03-05 12:30:00+00:00,95392,2021-11-28 21:45:00+00:00,0.0,3
545985,2026-03-12 12:30:00+00:00,123642,2022-03-06 23:55:00+00:00,0.0,3
545985,2026-03-12 12:30:00+00:00,241515,2023-04-20 08:00:00+00:00,0.0,3
545985,2026-03-12 12:30:00+00:00,30175,2021-04-15 21:20:00+00:00,0.0,3
545985,2026-03-12 12:30:00+00:00,388652,2024-09-12 05:25:00+00:00,0.0,3
545985,2026-03-12 12:30:00+00:00,28845,2021-04-11 06:30:00+00:00,0.0,3
547779,2026-03-18 18:00:00+00:00,336309,2024-03-14 11:30:00+00:00,0.0,2
547779,2026-03-18 18:00:00+00:00,424816,2025-01-15 19:05:00+00:00,0.0,2
547779,2026-03-18 18:00:00+00:00,118377,2022-02-16 17:10:00+00:00,0.0,2
547779,2026-03-18 18:00:00+00:00,198274,2022-11-21 03:15:00+00:00,0.0,2
547779,2026-03-18 18:00:00+00:00,170642,2022-08-17 04:35:00+00:00,0.0,2
552897,2026-04-05 12:30:00+00:00,497140,2025-09-23 22:05:00+00:00,0.0,0
552897,2026-04-05 12:30:00+00:00,325882,2024-02-07 06:35:00+00:00,0.0,0
552897,2026-04-05 12:30:00+00:00,361261,2024-06-09 02:50:00+00:00,0.0,0
552897,2026-04-05 12:30:00+00:00,582816,2026-07-18 09:45:00+00:00,0.0,0
552897,2026-04-05 12:30:00+00:00,587202,2026-08-02 15:15:00+00:00,0.0,0
554913,2026-04-12 12:30:00+00:00,367731,2024-07-01 14:00:00+00:00,0.0,1
554913,2026-04-12 12:30:00+00:00,305561,2023-11-28 17:10:00+00:00,0.0,1
554913,2026-04-12 12:30:00+00:00,260562,2023-06-25 11:15:00+00:00,0.0,1
554913,2026-04-12 12:30:00+00:00,257209,2023-06-13 19:50:00+00:00,0.0,1
554913,2026-04-12 12:30:00+00:00,566841,2026-05-23 22:30:00+00:00,0.0,1
555784,2026-04-15 13:05:00+00:00,128328,2022-03-23 06:25:00+00:00,0.0,2
555784,2026-04-15 13:05:00+00:00,422254,2025-01-06 21:35:00+00:00,0.0,2
555784,2026-04-15 13:05:00+00:00,217625,2023-01-27 07:50:00+00:00,0.0,2
555784,2026-04-15 13:05:00+00:00,443335,2025-03-21 02:20:00+00:00,0.0,2
555784,2026-04-15 13:05:00+00:00,258113,2023-06-16 23:10:00+00:00,0.0,2
561537,2026-05-05 12:30:00+00:00,403750,2024-11-03 15:35:00+00:00,0.0,1
561537,2026-05-05 12:30:00+00:00,327179,2024-02-11 18:40:00+00:00,0.0,1
561537,2026-05-05 12:30:00+00:00,473485,2025-07-03 18:50:00+00:00,0.0,1
561537,2026-05-05 12:30:00+00:00,219858,2023-02-04 01:55:00+00:00,0.0,1
561537,2026-05-05 12:30:00+00:00,298451,2023-11-04 00:40:00+00:00,0.0,1
561891,2026-05-06 18:00:00+00:00,490014,2025-08-30 04:15:00+00:00,0.0,1
561891,2026-05-06 18:00:00+00:00,359599,2024-06-03 08:20:00+00:00,0.0,1
561891,2026-05-06 18:00:00+00:00,573328,2026-06-15 11:05:00+00:00,0.0,1
561891,2026-05-06 18:00:00+00:00,501649,2025-10-09 13:50:00+00:00,0.0,1
561891,2026-05-06 18:00:00+00:00,445446,2025-03-28 10:15:00+00:00,0.0,1
563553,2026-05-12 12:30:00+00:00,343459,2024-04-08 07:20:00+00:00,0.0,1
563553,2026-05-12 12:30:00+00:00,531336,2026-01-20 15:45:00+00:00,0.0,1
563553,2026-05-12 12:30:00+00:00,249233,2023-05-17 03:10:00+00:00,0.0,1
563553,2026-05-12 12:30:00+00:00,323168,2024-01-28 20:25:00+00:00,0.0,1
563553,2026-05-12 12:30:00+00:00,326287,2024-02-08 16:20:00+00:00,0.0,1
570465,2026-06-05 12:30:00+00:00,3942,2021-01-14 16:30:00+00:00,0.0,4
570465,2026-06-05 12:30:00+00:00,78736,2021-10-02 01:45:00+00:00,0.0,4
570465,2026-06-05 12:30:00+00:00,157278,2022-07-01 18:55:00+00:00,0.0,4
570465,2026-06-05 12:30:00+00:00,125159,2022-03-12 06:20:00+00:00,0.0,4
570465,2026-06-05 12:30:00+00:00,543611,2026-03-04 06:40:00+00:00,0.0,4
572481,2026-06-12 12:30:00+00:00,516180,2025-11-29 00:45:00+00:00,0.0,2
572481,2026-06-12 12:30:00+00:00,372901,2024-07-19 12:50:00+00:00,0.0,2
572481,2026-06-12 12:30:00+00:00,93028,2021-11-20 16:45:00+00:00,0.0,2
572481,2026-06-12 12:30:00+00:00,416241,2024-12-17 00:30:00+00:00,0.0,2
572481,2026-06-12 12:30:00+00:00,571671,2026-06-09 17:00:00+00:00,0.0,2
573987,2026-06-17 18:00:00+00:00,555654,2026-04-15 02:15:00+00:00,0.0,2
573987,2026-06-17 18:00:00+00:00,319316,2024-01-15 11:25:00+00:00,0.0,2
573987,2026-06-17 18:00:00+00:00,216510,2023-01-23 10:55:00+00:00,0.0,2
573987,2026-06-17 18:00:00+00:00,441671,2025-03-15 07:40:00+00:00,0.0,2
573987,2026-06-17 18:00:00+00:00,385734,2024-09-02 02:15:00+00:00,0.0,2
579105,2026-07-05 12:30:00+00:00,473854,2025-07-05 01:35:00+00:00,0.0,0
579105,2026-07-05 12:30:00+00:00,486260,2025-08-17 03:25:00+00:00,0.0,0
579105,2026-07-05 12:30:00+00:00,310873,2023-12-17 03:50:00+00:00,0.0,0
579105,2026-07-05 12:30:00+00:00,341057,2024-03-30 23:10:00+00:00,0.0,0
579105,2026-07-05 12:30:00+00:00,361424,2024-06-09 16:25:00+00:00,0.0,0
581121,2026-07-12 12:30:00+00:00,353184,2024-05-12 01:45:00+00:00,0.0,0
581121,2026-07-12 12:30:00+00:00,473036,2025-07-02 05:25:00+00:00,0.0,0
581121,2026-07-12 12:30:00+00:00,135353,2022-04-16 15:50:00+00:00,0.0,0
581121,2026-07-12 12:30:00+00:00,567288,2026-05-25 11:45:00+00:00,0.0,0
581121,2026-07-12 12:30:00+00:00,434433,2025-02-18 04:30:00+00:00,0.0,0
586083,2026-07-29 18:00:00+00:00,455558,2025-05-02 12:55:00+00:00,0.0,1
586083,2026-07-29 18:00:00+00:00,481656,2025-08-01 03:45:00+00:00,0.0,1
586083,2026-07-29 18:00:00+00:00,305541,2023-11-28 15:30:00+00:00,0.0,1
586083,2026-07-29 18:00:00+00:00,296387,2023-10-27 20:40:00+00:00,0.0,1
586083,2026-07-29 18:00:00+00:00,238749,2023-04-10 17:30:00+00:00,0.0,1
588033,2026-08-05 12:30:00+00:00,498925,2025-09-30 02:50:00+00:00,0.0,0
588033,2026-08-05 12:30:00+00:00,264348,2023-07-08 14:45:00+00:00,0.0,0
588033,2026-08-05 12:30:00+00:00,569228,2026-06-01 05:25:00+00:00,0.0,0
588033,2026-08-05 12:30:00+00:00,473106,2025-07-02 11:15:00+00:00,0.0,0
588033,2026-08-05 12:30:00+00:00,206949,2022-12-21 06:10:00+00:00,0.0,0
590049,2026-08-12 12:30:00+00:00,207438,2022-12-22 22:55:00+00:00,0.0,0
590049,2026-08-12 12:30:00+00:00,258602,2023-06-18 15:55:00+00:00,0.0,0
590049,2026-08-12 12:30:00+00:00,186240,2022-10-10 08:25:00+00:00,0.0,0
590049,2026-08-12 12:30:00+00:00,532578,2026-01-24 23:15:00+00:00,0.0,0
590049,2026-08-12 12:30:00+00:00,401959,2024-10-28 10:20:00+00:00,0.0,0
598977,2026-09-12 12:30:00+00:00,511249,2025-11-11 21:50:00+00:00,0.0,2
598977,2026-09-12 12:30:00+00:00,303300,2023-11-20 20:45:00+00:00,0.0,2
598977,2026-09-12 12:30:00+00:00,415416,2024-12-14 03:45:00+00:00,0.0,2
598977,2026-09-12 12:30:00+00:00,199131,2022-11-24 02:40:00+00:00,0.0,2
598977,2026-09-12 12:30:00+00:00,130769,2022-03-31 17:50:00+00:00,0.0,2
600195,2026-09-16 18:00:00+00:00,418771,2024-12-25 19:20:00+00:00,0.0,2
600195,2026-09-16 18:00:00+00:00,70003,2021-09-01 16:00:00+00:00,0.0,2
600195,2026-09-16 18:00:00+00:00,258156,2023-06-17 02:45:00+00:00,0.0,2
600195,2026-09-16 18:00:00+00:00,95353,2021-11-28 18:30:00+00:00,0.0,2
600195,2026-09-16 18:00:00+00:00,79168,2021-10-03 13:45:00+00:00,0.0,2
600796,2026-09-18 20:05:00+00:00,134918,2022-04-15 03:35:00+00:00,0.0,2
600796,2026-09-18 20:05:00+00:00,583544,2026-07-20 22:25:00+00:00,0.0,2
600796,2026-09-18 20:05:00+00:00,307993,2023-12-07 03:50:00+00:00,0.0,2
600796,2026-09-18 20:05:00+00:00,594547,2026-08-28 03:20:00+00:00,0.0,2
600796,2026-09-18 20:05:00+00:00,410791,2024-11-28 02:20:00+00:00,0.0,2
601416,2026-09-20 23:45:00+00:00,478483,2025-07-21 03:20:00+00:00,0.0,0
601416,2026-09-20 23:45:00+00:00,493179,2025-09-10 04:00:00+00:00,0.0,0
601416,2026-09-20 23:45:00+00:00,525687,2026-01-01 01:00:00+00:00,0.0,0
601416,2026-09-20 23:45:00+00:00,483238,2025-08-06 15:35:00+00:00,0.0,0
601416,2026-09-20 23:45:00+00:00,495305,2025-09-17 13:10:00+00:00,0.0,0
