market_state,sample_frequency,mean_volatility_realized,tail_event_rate,r2_in_regime
QUIET,0.0654825171499566,0.0015,0.01,0.68
COMPRESSION,0.179025335568475,0.003,0.05,0.68
NORMAL,0.46210364874986626,0.003,0.05,0.52
EXPANSION_WATCH,0.0003780718336483932,0.003,0.05,0.68
HIGH_VOLATILITY,0.001,0.0085,0.05,0.68
TAIL_RISK_ELEVATED,0.2699623117071489,0.003,0.24,0.68
JUMP_RISK_ELEVATED,0.000653897825492504,0.003,0.05,0.68
EVENT_SHOCK_ACTIVE,0.018373339991202102,0.0085,0.05,0.68
DELEVERAGING_STRESS,0.004020877174210269,0.003,0.05,0.68
