,total_net_flow_usd,flow_robust_z_20d,flow_roll_pctile_30d,flow_breadth,flow_herfindahl_index,flow_persistence_days,gbtc_net_flow_usd,non_gbtc_net_flow_usd,cme_basis_bps
total_net_flow_usd,1.0,0.6435214563969563,0.7839700684376837,0.6974873173522858,-0.03236386508786751,0.7639975681988896,0.28617094840662716,0.8998246188328798,-0.04030746719907006
flow_robust_z_20d,0.6435214563969563,1.0,0.8373192659454275,0.6396960390564327,0.03660046624856592,0.50040773037333,0.3894395037080573,0.5827400425863118,-0.02618214239019938
flow_roll_pctile_30d,0.7839700684376837,0.8373192659454275,1.0,0.7170651561656486,0.08070215135558498,0.5916012730009665,0.44653921514531647,0.7133499737086124,-0.05422577214095291
flow_breadth,0.6974873173522858,0.6396960390564327,0.7170651561656486,1.0,-0.06026295385550248,0.5329151593824432,0.415366734314647,0.7397645074346917,-0.01024280580950291
flow_herfindahl_index,-0.03236386508786751,0.03660046624856592,0.08070215135558498,-0.06026295385550248,1.0,-0.016980020454845153,0.1404594899680242,-0.025561568050454404,0.022139684491998577
flow_persistence_days,0.7639975681988896,0.50040773037333,0.5916012730009665,0.5329151593824432,-0.016980020454845153,1.0,0.11636630265782964,0.7064979954545616,-2.811523746325682e-05
gbtc_net_flow_usd,0.28617094840662716,0.3894395037080573,0.44653921514531647,0.415366734314647,0.1404594899680242,0.11636630265782964,1.0,0.20034180477127234,0.018447474948577226
non_gbtc_net_flow_usd,0.8998246188328798,0.5827400425863118,0.7133499737086124,0.7397645074346917,-0.025561568050454404,0.7064979954545616,0.20034180477127234,1.0,-0.021020143425913646
cme_basis_bps,-0.04030746719907006,-0.02618214239019938,-0.05422577214095291,-0.01024280580950291,0.022139684491998577,-2.811523746325682e-05,0.018447474948577226,-0.021020143425913646,1.0
